Story,Serial title,Episode titles,Directed by,Written by,Original air date,Prod.code,UK viewers(millions) [7],AI [7]
1.0,An Unearthly Child,"""An Unearthly Child""",Waris Hussein,Anthony Coburn and C. E. Webber (uncredited),23 November 1963,A,4.4,63.0
1.0,An Unearthly Child,"""The Cave of Skulls""",Waris Hussein,Anthony Coburn,30 November 1963,A,5.9,59.0
1.0,An Unearthly Child,"""The Forest of Fear""",Waris Hussein,Anthony Coburn,7 December 1963,A,6.9,56.0
1.0,An Unearthly Child,"""The Firemaker""",Waris Hussein,Anthony Coburn,14 December 1963,A,6.4,55.0
2.0,The Daleks,"""The Dead Planet""",Christopher Barry,Terry Nation,21 December 1963,B,6.9,59.0
2.0,The Daleks,"""The Survivors""",Christopher Barry,Terry Nation,28 December 1963,B,6.4,58.0
2.0,The Daleks,"""The Escape""",Richard Martin,Terry Nation,4 January 1964,B,8.9,63.0
2.0,The Daleks,"""The Ambush""",Christopher Barry,Terry Nation,11 January 1964,B,9.9,63.0
2.0,The Daleks,"""The Expedition""",Christopher Barry,Terry Nation,18 January 1964,B,9.9,63.0
2.0,The Daleks,"""The Ordeal""",Richard Martin,Terry Nation,25 January 1964,B,10.4,63.0
2.0,The Daleks,"""The Rescue""",Richard Martin,Terry Nation,1 February 1964,B,10.4,65.0
3.0,The Edge of Destruction,"""The Edge of Destruction""",Richard Martin,David Whitaker,8 February 1964,C,10.4,61.0
3.0,The Edge of Destruction,"""The Brink of Disaster""",Frank Cox,David Whitaker,15 February 1964,C,9.9,60.0
4.0,Marco Polo,"""The Roof of the World""†",Waris Hussein,John Lucarotti,22 February 1964,D,9.4,63.0
4.0,Marco Polo,"""The Singing Sands""†",Waris Hussein,John Lucarotti,29 February 1964,D,9.4,62.0
4.0,Marco Polo,"""Five Hundred Eyes""†",Waris Hussein,John Lucarotti,7 March 1964,D,9.4,62.0
4.0,Marco Polo,"""The Wall of Lies""†",John Crockett,John Lucarotti,14 March 1964,D,9.9,60.0
4.0,Marco Polo,"""Rider from Shang-Tu""†",Waris Hussein,John Lucarotti,21 March 1964,D,9.4,59.0
4.0,Marco Polo,"""Mighty Kublai Khan""†",Waris Hussein,John Lucarotti,28 March 1964,D,8.4,59.0
4.0,Marco Polo,"""Assassin at Peking""†",Waris Hussein,John Lucarotti,4 April 1964,D,10.4,59.0
5.0,The Keys of Marinus,"""The Sea of Death""",John Gorrie,Terry Nation,11 April 1964,E,9.9,62.0
5.0,The Keys of Marinus,"""The Velvet Web""",John Gorrie,Terry Nation,18 April 1964,E,9.4,60.0
5.0,The Keys of Marinus,"""The Screaming Jungle""",John Gorrie,Terry Nation,25 April 1964,E,9.9,61.0
5.0,The Keys of Marinus,"""The Snows of Terror""",John Gorrie,Terry Nation,2 May 1964,E,10.4,60.0
5.0,The Keys of Marinus,"""Sentence of Death""",John Gorrie,Terry Nation,9 May 1964,E,7.9,61.0
5.0,The Keys of Marinus,"""The Keys of Marinus""",John Gorrie,Terry Nation,16 May 1964,E,6.9,63.0
6.0,The Aztecs,"""The Temple of Evil""",John Crockett,John Lucarotti,23 May 1964,F,7.4,62.0
6.0,The Aztecs,"""The Warriors of Death""",John Crockett,John Lucarotti,30 May 1964,F,7.4,62.0
6.0,The Aztecs,"""The Bride of Sacrifice""",John Crockett,John Lucarotti,6 June 1964,F,7.9,57.0
6.0,The Aztecs,"""The Day of Darkness""",John Crockett,John Lucarotti,13 June 1964,F,7.4,58.0
7.0,The Sensorites,"""Strangers in Space""",Mervyn Pinfield,Peter R. Newman,20 June 1964,G,7.9,59.0
7.0,The Sensorites,"""The Unwilling Warriors""",Mervyn Pinfield,Peter R. Newman,27 June 1964,G,6.9,59.0
7.0,The Sensorites,"""Hidden Danger""",Mervyn Pinfield,Peter R. Newman,11 July 1964,G,7.4,56.0
7.0,The Sensorites,"""A Race Against Death""",Mervyn Pinfield,Peter R. Newman,18 July 1964,G,5.5,60.0
7.0,The Sensorites,"""Kidnap""",Frank Cox,Peter R. Newman,25 July 1964,G,6.9,57.0
7.0,The Sensorites,"""A Desperate Venture""",Frank Cox,Peter R. Newman,1 August 1964,G,6.9,57.0
8.0,The Reign of Terror,"""A Land of Fear""",Henric Hirsch,Dennis Spooner,8 August 1964,H,6.9,58.0
8.0,The Reign of Terror,"""Guests of Madame Guillotine""",Henric Hirsch,Dennis Spooner,15 August 1964,H,6.9,54.0
8.0,The Reign of Terror,"""A Change of Identity""",Henric Hirsch,Dennis Spooner,22 August 1964,H,6.9,55.0
8.0,The Reign of Terror,"""The Tyrant of France""†",Henric Hirsch,Dennis Spooner,29 August 1964,H,6.4,53.0
8.0,The Reign of Terror,"""A Bargain of Necessity""†",Henric Hirsch,Dennis Spooner,5 September 1964,H,6.9,53.0
8.0,The Reign of Terror,"""Prisoners of Conciergerie""",Henric Hirsch,Dennis Spooner,12 September 1964,H,6.4,55.0
9.0,Planet of Giants,"""Planet of Giants""",Mervyn Pinfield,Louis Marks,31 October 1964,J,8.4,57.0
9.0,Planet of Giants,"""Dangerous Journey""",Mervyn Pinfield,Louis Marks,7 November 1964,J,8.4,58.0
9.0,Planet of Giants,"""Crisis""",Douglas Camfield,Louis Marks,14 November 1964,J,8.9,59.0
10.0,The Dalek Invasion of Earth,"""World's End""",Richard Martin,Terry Nation,21 November 1964,K,11.4,63.0
10.0,The Dalek Invasion of Earth,"""The Daleks""",Richard Martin,Terry Nation,28 November 1964,K,12.4,59.0
10.0,The Dalek Invasion of Earth,"""Day of Reckoning""",Richard Martin,Terry Nation,5 December 1964,K,11.9,59.0
10.0,The Dalek Invasion of Earth,"""The End of Tomorrow""",Richard Martin,Terry Nation,12 December 1964,K,11.9,59.0
10.0,The Dalek Invasion of Earth,"""The Waking Ally""",Richard Martin,Terry Nation,19 December 1964,K,11.4,58.0
10.0,The Dalek Invasion of Earth,"""Flashpoint""",Richard Martin,Terry Nation,26 December 1964,K,12.4,63.0
11.0,The Rescue,"""The Powerful Enemy""",Christopher Barry,David Whitaker,2 January 1965,L,12.0,57.0
11.0,The Rescue,"""Desperate Measures""",Christopher Barry,David Whitaker,9 January 1965,L,13.0,59.0
12.0,The Romans,"""The Slave Traders""",Christopher Barry,Dennis Spooner,16 January 1965,M,13.0,53.0
12.0,The Romans,"""All Roads Lead to Rome""",Christopher Barry,Dennis Spooner,23 January 1965,M,11.5,51.0
12.0,The Romans,"""Conspiracy""",Christopher Barry,Dennis Spooner,30 January 1965,M,10.0,50.0
12.0,The Romans,"""Inferno""",Christopher Barry,Dennis Spooner,6 February 1965,M,12.0,50.0
13.0,The Web Planet,"""The Web Planet""",Richard Martin,Bill Strutton,13 February 1965,N,13.5,56.0
13.0,The Web Planet,"""The Zarbi""",Richard Martin,Bill Strutton,20 February 1965,N,12.5,53.0
13.0,The Web Planet,"""Escape to Danger""",Richard Martin,Bill Strutton,27 February 1965,N,12.5,53.0
13.0,The Web Planet,"""Crater of Needles""",Richard Martin,Bill Strutton,6 March 1965,N,13.0,49.0
13.0,The Web Planet,"""Invasion""",Richard Martin,Bill Strutton,13 March 1965,N,12.0,48.0
13.0,The Web Planet,"""The Centre""",Richard Martin,Bill Strutton,20 March 1965,N,11.5,42.0
14.0,The Crusade,"""The Lion""",Douglas Camfield,David Whitaker,27 March 1965,P,10.5,51.0
14.0,The Crusade,"""The Knight of Jaffa""†",Douglas Camfield,David Whitaker,3 April 1965,P,8.5,50.0
14.0,The Crusade,"""The Wheel of Fortune""",Douglas Camfield,David Whitaker,10 April 1965,P,9.0,49.0
14.0,The Crusade,"""The Warlords""†",Douglas Camfield,David Whitaker,17 April 1965,P,9.5,48.0
15.0,The Space Museum,"""The Space Museum""",Mervyn Pinfield,Glyn Jones,24 April 1965,Q,10.5,61.0
15.0,The Space Museum,"""The Dimensions of Time""",Mervyn Pinfield,Glyn Jones,1 May 1965,Q,9.2,53.0
15.0,The Space Museum,"""The Search""",Mervyn Pinfield,Glyn Jones,8 May 1965,Q,8.5,56.0
15.0,The Space Museum,"""The Final Phase""",Mervyn Pinfield,Glyn Jones,15 May 1965,Q,8.5,49.0
16.0,The Chase,"""The Executioners""",Richard Martin,Terry Nation,22 May 1965,R,10.0,57.0
16.0,The Chase,"""The Death of Time""",Richard Martin,Terry Nation,29 May 1965,R,9.5,56.0
16.0,The Chase,"""Flight Through Eternity""",Richard Martin,Terry Nation,5 June 1965,R,9.0,55.0
16.0,The Chase,"""Journey into Terror""",Richard Martin,Terry Nation,12 June 1965,R,9.5,54.0
16.0,The Chase,"""The Death of Doctor Who""",Richard Martin,Terry Nation,19 June 1965,R,9.0,56.0
16.0,The Chase,"""The Planet of Decision""",Richard Martin and Douglas Camfield (uncredited),Terry Nation,26 June 1965,R,9.5,57.0
17.0,The Time Meddler,"""The Watcher""",Douglas Camfield,Dennis Spooner,3 July 1965,S,8.9,57.0
17.0,The Time Meddler,"""The Meddling Monk""",Douglas Camfield,Dennis Spooner,10 July 1965,S,8.8,49.0
17.0,The Time Meddler,"""A Battle of Wits""",Douglas Camfield,Dennis Spooner,17 July 1965,S,7.7,53.0
17.0,The Time Meddler,"""Checkmate""",Douglas Camfield,Dennis Spooner,24 July 1965,S,8.3,54.0
18.0,Galaxy 4,"""Four Hundred Dawns""†",Derek Martinus,William Emms,11 September 1965,T,9.0,56.0
18.0,Galaxy 4,"""Trap of Steel""†",Derek Martinus,William Emms,18 September 1965,T,9.5,55.0
18.0,Galaxy 4,"""Air Lock""",Derek Martinus,William Emms,25 September 1965,T,11.3,54.0
18.0,Galaxy 4,"""The Exploding Planet""†",Derek Martinus,William Emms,2 October 1965,T,9.9,53.0
19.0,"""Mission to the Unknown""†",,Derek Martinus,Terry Nation,9 October 1965,T/A,8.3,54.0
20.0,The Myth Makers,"""Temple of Secrets""†",Michael Leeston-Smith,Donald Cotton,16 October 1965,U,8.3,48.0
20.0,The Myth Makers,"""Small Prophet, Quick Return""†",Michael Leeston-Smith,Donald Cotton,23 October 1965,U,8.1,51.0
20.0,The Myth Makers,"""Death of a Spy""†",Michael Leeston-Smith,Donald Cotton,30 October 1965,U,8.7,49.0
20.0,The Myth Makers,"""Horse of Destruction""†",Michael Leeston-Smith,Donald Cotton,6 November 1965,U,8.3,52.0
21.0,The Daleks' Master Plan,"""The Nightmare Begins""†",Douglas Camfield,Terry Nation,13 November 1965,V,9.1,54.0
21.0,The Daleks' Master Plan,"""Day of Armageddon""",Douglas Camfield,Terry Nation,20 November 1965,V,9.8,52.0
21.0,The Daleks' Master Plan,"""Devil's Planet""†",Douglas Camfield,Terry Nation,27 November 1965,V,10.3,52.0
21.0,The Daleks' Master Plan,"""The Traitors""†",Douglas Camfield,Terry Nation,4 December 1965,V,9.5,51.0
21.0,The Daleks' Master Plan,"""Counter Plot""",Douglas Camfield,Terry Nation,11 December 1965,V,9.9,53.0
21.0,The Daleks' Master Plan,"""Coronas of the Sun""†",Douglas Camfield,Dennis Spooner,18 December 1965,V,9.1,56.0
21.0,The Daleks' Master Plan,"""The Feast of Steven""†",Douglas Camfield,Terry Nation,25 December 1965,V,7.9,39.0
21.0,The Daleks' Master Plan,"""Volcano""†",Douglas Camfield,Dennis Spooner,1 January 1966,V,9.6,49.0
21.0,The Daleks' Master Plan,"""Golden Death""†",Douglas Camfield,Dennis Spooner,8 January 1966,V,9.2,52.0
21.0,The Daleks' Master Plan,"""Escape Switch""",Douglas Camfield,Dennis Spooner,15 January 1966,V,9.5,50.0
21.0,The Daleks' Master Plan,"""The Abandoned Planet""†",Douglas Camfield,Dennis Spooner,22 January 1966,V,9.8,49.0
21.0,The Daleks' Master Plan,"""Destruction of Time""†",Douglas Camfield,Dennis Spooner,29 January 1966,V,8.6,57.0
22.0,The Massacre of St Bartholomew's Eve,"""War of God""†",Paddy Russell,John Lucarotti,5 February 1966,W,8.0,52.0
22.0,The Massacre of St Bartholomew's Eve,"""The Sea Beggar""†",Paddy Russell,John Lucarotti,12 February 1966,W,6.0,52.0
22.0,The Massacre of St Bartholomew's Eve,"""Priest of Death""†",Paddy Russell,John Lucarotti,19 February 1966,W,5.9,49.0
22.0,The Massacre of St Bartholomew's Eve,"""Bell of Doom""†",Paddy Russell,John Lucarotti and Donald Tosh,26 February 1966,W,5.8,53.0
23.0,The Ark,"""The Steel Sky""",Michael Imison,Paul Erickson and Lesley Scott,5 March 1966,X,5.5,55.0
23.0,The Ark,"""The Plague""",Michael Imison,Paul Erickson and Lesley Scott,12 March 1966,X,6.9,56.0
23.0,The Ark,"""The Return""",Michael Imison,Paul Erickson and Lesley Scott,19 March 1966,X,6.2,51.0
23.0,The Ark,"""The Bomb""",Michael Imison,Paul Erickson and Lesley Scott,26 March 1966,X,7.3,50.0
24.0,The Celestial Toymaker,"""The Celestial Toyroom""†",Bill Sellars,Brian Hayles and Donald Tosh (uncredited),2 April 1966,Y,8.0,48.0
24.0,The Celestial Toymaker,"""The Hall of Dolls""†",Bill Sellars,Brian Hayles and Donald Tosh (uncredited),9 April 1966,Y,8.0,49.0
24.0,The Celestial Toymaker,"""The Dancing Floor""†",Bill Sellars,Brian Hayles and Donald Tosh (uncredited),16 April 1966,Y,9.4,44.0
24.0,The Celestial Toymaker,"""The Final Test""",Bill Sellars,Brian Hayles and Donald Tosh (uncredited),23 April 1966,Y,7.8,43.0
25.0,The Gunfighters,"""A Holiday for the Doctor""",Rex Tucker,Donald Cotton,30 April 1966,Z,6.5,45.0
25.0,The Gunfighters,"""Don't Shoot the Pianist""",Rex Tucker,Donald Cotton,7 May 1966,Z,6.6,39.0
25.0,The Gunfighters,"""Johnny Ringo""",Rex Tucker,Donald Cotton,14 May 1966,Z,6.2,36.0
25.0,The Gunfighters,"""The O.K. Corral""",Rex Tucker,Donald Cotton,21 May 1966,Z,5.7,30.0
26.0,The Savages,"""Episode 1""†",Christopher Barry,Ian Stuart Black,28 May 1966,AA,4.8,48.0
26.0,The Savages,"""Episode 2""†",Christopher Barry,Ian Stuart Black,4 June 1966,AA,5.6,49.0
26.0,The Savages,"""Episode 3""†",Christopher Barry,Ian Stuart Black,11 June 1966,AA,5.0,48.0
26.0,The Savages,"""Episode 4""†",Christopher Barry,Ian Stuart Black,18 June 1966,AA,4.5,48.0
27.0,The War Machines,"""Episode 1""",Michael Ferguson,Ian Stuart Black,25 June 1966,BB,5.4,49.0
27.0,The War Machines,"""Episode 2""",Michael Ferguson,Ian Stuart Black,2 July 1966,BB,4.7,45.0
27.0,The War Machines,"""Episode 3""",Michael Ferguson,Ian Stuart Black,9 July 1966,BB,5.3,44.0
27.0,The War Machines,"""Episode 4""",Michael Ferguson,Ian Stuart Black,16 July 1966,BB,5.5,39.0
28.0,The Smugglers,"""Episode 1""†",Julia Smith,Brian Hayles,10 September 1966,CC,4.3,47.0
28.0,The Smugglers,"""Episode 2""†",Julia Smith,Brian Hayles,17 September 1966,CC,4.9,45.0
28.0,The Smugglers,"""Episode 3""†",Julia Smith,Brian Hayles,24 September 1966,CC,4.2,43.0
28.0,The Smugglers,"""Episode 4""†",Julia Smith,Brian Hayles,1 October 1966,CC,4.5,43.0
29.0,The Tenth Planet,"""Episode 1""",Derek Martinus,Kit Pedler,8 October 1966,DD,5.5,50.0
29.0,The Tenth Planet,"""Episode 2""",Derek Martinus,Kit Pedler,15 October 1966,DD,6.4,48.0
29.0,The Tenth Planet,"""Episode 3""",Derek Martinus,Kit Pedler and Gerry Davis,22 October 1966,DD,7.6,48.0
29.0,The Tenth Planet,"""Episode 4""†",Derek Martinus,Kit Pedler and Gerry Davis,29 October 1966,DD,7.5,47.0
30.0,The Power of the Daleks,"""Episode One""†",Christopher Barry,David Whitaker,5 November 1966,EE,7.9,43.0
30.0,The Power of the Daleks,"""Episode Two""†",Christopher Barry,David Whitaker,12 November 1966,EE,7.8,45.0
30.0,The Power of the Daleks,"""Episode Three""†",Christopher Barry,David Whitaker,19 November 1966,EE,7.5,44.0
30.0,The Power of the Daleks,"""Episode Four""†",Christopher Barry,David Whitaker,26 November 1966,EE,7.8,47.0
30.0,The Power of the Daleks,"""Episode Five""†",Christopher Barry,David Whitaker,3 December 1966,EE,8.0,48.0
30.0,The Power of the Daleks,"""Episode Six""†",Christopher Barry,David Whitaker,10 December 1966,EE,7.8,47.0
31.0,The Highlanders,"""Episode 1""†",Hugh David,Elwyn Jones and Gerry Davis,17 December 1966,FF,6.7,47.0
31.0,The Highlanders,"""Episode 2""†",Hugh David,Elwyn Jones and Gerry Davis,24 December 1966,FF,6.8,46.0
31.0,The Highlanders,"""Episode 3""†",Hugh David,Elwyn Jones and Gerry Davis,31 December 1966,FF,7.4,47.0
31.0,The Highlanders,"""Episode 4""†",Hugh David,Elwyn Jones and Gerry Davis,7 January 1967,FF,7.3,47.0
32.0,The Underwater Menace,"""Episode 1""†",Julia Smith,Geoffrey Orme,14 January 1967,GG,8.3,48.0
32.0,The Underwater Menace,"""Episode 2""",Julia Smith,Geoffrey Orme,21 January 1967,GG,7.5,46.0
32.0,The Underwater Menace,"""Episode 3""",Julia Smith,Geoffrey Orme,28 January 1967,GG,7.1,45.0
32.0,The Underwater Menace,"""Episode 4""†",Julia Smith,Geoffrey Orme,4 February 1967,GG,7.0,47.0
33.0,The Moonbase,"""Episode 1""†",Morris Barry,Kit Pedler,11 February 1967,HH,8.1,50.0
33.0,The Moonbase,"""Episode 2""",Morris Barry,Kit Pedler,18 February 1967,HH,8.9,49.0
33.0,The Moonbase,"""Episode 3""†",Morris Barry,Kit Pedler,25 February 1967,HH,8.2,53.0
33.0,The Moonbase,"""Episode 4""",Morris Barry,Kit Pedler,4 March 1967,HH,8.1,58.0
34.0,The Macra Terror,"""Episode 1""†",John Davies,Ian Stuart Black,11 March 1967,JJ,8.0,50.0
34.0,The Macra Terror,"""Episode 2""†",John Davies,Ian Stuart Black,18 March 1967,JJ,7.9,48.0
34.0,The Macra Terror,"""Episode 3""†",John Davies,Ian Stuart Black,25 March 1967,JJ,8.5,52.0
34.0,The Macra Terror,"""Episode 4""†",John Davies,Ian Stuart Black,1 April 1967,JJ,8.4,49.0
35.0,The Faceless Ones,"""Episode 1""",Gerry Mill,David Ellis and Malcolm Hulke,8 April 1967,KK,8.0,51.0
35.0,The Faceless Ones,"""Episode 2""†",Gerry Mill,David Ellis and Malcolm Hulke,15 April 1967,KK,6.4,50.0
35.0,The Faceless Ones,"""Episode 3""",Gerry Mill,David Ellis and Malcolm Hulke,22 April 1967,KK,7.9,53.0
35.0,The Faceless Ones,"""Episode 4""†",Gerry Mill,David Ellis and Malcolm Hulke,29 April 1967,KK,6.9,55.0
35.0,The Faceless Ones,"""Episode 5""†",Gerry Mill,David Ellis and Malcolm Hulke,6 May 1967,KK,7.1,55.0
35.0,The Faceless Ones,"""Episode 6""†",Gerry Mill,David Ellis and Malcolm Hulke,13 May 1967,KK,8.0,52.0
36.0,The Evil of the Daleks,"""Episode 1""†",Derek Martinus,David Whitaker,20 May 1967,LL,8.1,51.0
36.0,The Evil of the Daleks,"""Episode 2""",Derek Martinus,David Whitaker,27 May 1967,LL,7.5,51.0
36.0,The Evil of the Daleks,"""Episode 3""†",Derek Martinus,David Whitaker,3 June 1967,LL,6.1,52.0
36.0,The Evil of the Daleks,"""Episode 4""†",Derek Martinus,David Whitaker,10 June 1967,LL,5.3,51.0
36.0,The Evil of the Daleks,"""Episode 5""†",Derek Martinus,David Whitaker,17 June 1967,LL,5.1,53.0
36.0,The Evil of the Daleks,"""Episode 6""†",Derek Martinus,David Whitaker,24 June 1967,LL,6.8,49.0
36.0,The Evil of the Daleks,"""Episode 7""†",Derek Martinus,David Whitaker,1 July 1967,LL,6.1,56.0
37.0,The Tomb of the Cybermen,"""Episode 1""",Morris Barry,Kit Pedler and Gerry Davis,2 September 1967,MM,6.0,53.0
37.0,The Tomb of the Cybermen,"""Episode 2""",Morris Barry,Kit Pedler and Gerry Davis,9 September 1967,MM,6.4,52.0
37.0,The Tomb of the Cybermen,"""Episode 3""",Morris Barry,Kit Pedler and Gerry Davis,16 September 1967,MM,7.2,49.0
37.0,The Tomb of the Cybermen,"""Episode 4""",Morris Barry,Kit Pedler and Gerry Davis,23 September 1967,MM,7.4,50.0
38.0,The Abominable Snowmen,"""Episode One""†",Gerald Blake,Mervyn Haisman and Henry Lincoln,30 September 1967,NN,6.3,50.0
38.0,The Abominable Snowmen,"""Episode Two""",Gerald Blake,Mervyn Haisman and Henry Lincoln,7 October 1967,NN,6.0,52.0
38.0,The Abominable Snowmen,"""Episode Three""†",Gerald Blake,Mervyn Haisman and Henry Lincoln,14 October 1967,NN,7.1,51.0
38.0,The Abominable Snowmen,"""Episode Four""†",Gerald Blake,Mervyn Haisman and Henry Lincoln,21 October 1967,NN,7.1,50.0
38.0,The Abominable Snowmen,"""Episode Five""†",Gerald Blake,Mervyn Haisman and Henry Lincoln,28 October 1967,NN,7.2,51.0
38.0,The Abominable Snowmen,"""Episode Six""†",Gerald Blake,Mervyn Haisman and Henry Lincoln,4 November 1967,NN,7.4,52.0
39.0,The Ice Warriors,"""One""",Derek Martinus,Brian Hayles,11 November 1967,OO,6.7,52.0
39.0,The Ice Warriors,"""Two""†",Derek Martinus,Brian Hayles,18 November 1967,OO,7.1,52.0
39.0,The Ice Warriors,"""Three""†",Derek Martinus,Brian Hayles,25 November 1967,OO,7.4,51.0
39.0,The Ice Warriors,"""Four""",Derek Martinus,Brian Hayles,2 December 1967,OO,7.3,51.0
39.0,The Ice Warriors,"""Five""",Derek Martinus,Brian Hayles,9 December 1967,OO,8.0,50.0
39.0,The Ice Warriors,"""Six""",Derek Martinus,Brian Hayles,16 December 1967,OO,7.5,51.0
40.0,The Enemy of the World,"""Episode 1""",Barry Letts,David Whitaker,23 December 1967,PP,6.8,50.0
40.0,The Enemy of the World,"""Episode 2""",Barry Letts,David Whitaker,30 December 1967,PP,7.6,49.0
40.0,The Enemy of the World,"""Episode 3""",Barry Letts,David Whitaker,6 January 1968,PP,7.1,48.0
40.0,The Enemy of the World,"""Episode 4""",Barry Letts,David Whitaker,13 January 1968,PP,7.8,49.0
40.0,The Enemy of the World,"""Episode 5""",Barry Letts,David Whitaker,20 January 1968,PP,6.9,49.0
40.0,The Enemy of the World,"""Episode 6""",Barry Letts,David Whitaker,27 January 1968,PP,8.3,52.0
41.0,The Web of Fear,"""Episode 1""",Douglas Camfield,Mervyn Haisman and Henry Lincoln,3 February 1968,QQ,7.2,54.0
41.0,The Web of Fear,"""Episode 2""",Douglas Camfield,Mervyn Haisman and Henry Lincoln,10 February 1968,QQ,6.8,53.0
41.0,The Web of Fear,"""Episode 3""†",Douglas Camfield,Mervyn Haisman and Henry Lincoln,17 February 1968,QQ,7.0,51.0
41.0,The Web of Fear,"""Episode 4""",Douglas Camfield,Mervyn Haisman and Henry Lincoln,24 February 1968,QQ,8.4,53.0
41.0,The Web of Fear,"""Episode 5""",Douglas Camfield,Mervyn Haisman and Henry Lincoln,2 March 1968,QQ,8.0,55.0
41.0,The Web of Fear,"""Episode 6""",Douglas Camfield,Mervyn Haisman and Henry Lincoln,9 March 1968,QQ,8.3,55.0
42.0,Fury from the Deep,"""Episode 1""†",Hugh David,Victor Pemberton,16 March 1968,RR,8.2,55.0
42.0,Fury from the Deep,"""Episode 2""†",Hugh David,Victor Pemberton,23 March 1968,RR,7.9,55.0
42.0,Fury from the Deep,"""Episode 3""†",Hugh David,Victor Pemberton,30 March 1968,RR,7.7,56.0
42.0,Fury from the Deep,"""Episode 4""†",Hugh David,Victor Pemberton,6 April 1968,RR,6.6,56.0
42.0,Fury from the Deep,"""Episode 5""†",Hugh David,Victor Pemberton,13 April 1968,RR,5.9,56.0
42.0,Fury from the Deep,"""Episode 6""†",Hugh David,Victor Pemberton,20 April 1968,RR,6.9,57.0
43.0,The Wheel in Space,"""Episode 1""†",Tristan DeVere Cole,David Whitaker and Kit Pedler (story),27 April 1968,SS,7.2,57.0
43.0,The Wheel in Space,"""Episode 2""†",Tristan DeVere Cole,David Whitaker and Kit Pedler (story),4 May 1968,SS,6.9,60.0
43.0,The Wheel in Space,"""Episode 3""",Tristan DeVere Cole,David Whitaker and Kit Pedler (story),11 May 1968,SS,7.5,55.0
43.0,The Wheel in Space,"""Episode 4""†",Tristan DeVere Cole,David Whitaker and Kit Pedler (story),18 May 1968,SS,8.6,56.0
43.0,The Wheel in Space,"""Episode 5""†",Tristan DeVere Cole,David Whitaker and Kit Pedler (story),25 May 1968,SS,6.8,57.0
43.0,The Wheel in Space,"""Episode 6""",Tristan DeVere Cole,David Whitaker and Kit Pedler (story),1 June 1968,SS,6.5,62.0
44.0,The Dominators,"""Episode 1""",Morris Barry,Norman Ashby (Mervyn Haisman and Henry Lincoln),10 August 1968,TT,6.1,52.0
44.0,The Dominators,"""Episode 2""",Morris Barry,Norman Ashby (Mervyn Haisman and Henry Lincoln),17 August 1968,TT,5.9,55.0
44.0,The Dominators,[Episode 3][note 1],Morris Barry,Norman Ashby (Mervyn Haisman and Henry Lincoln),24 August 1968,TT,5.4,55.0
44.0,The Dominators,"""Episode 4""",Morris Barry,Norman Ashby (Mervyn Haisman and Henry Lincoln),31 August 1968,TT,7.5,51.0
44.0,The Dominators,"""Episode 5""",Morris Barry,Norman Ashby (Mervyn Haisman and Henry Lincoln),7 September 1968,TT,5.9,53.0
45.0,The Mind Robber,"""Episode 1""",David Maloney,Derrick Sherwin,14 September 1968,UU,6.6,51.0
45.0,The Mind Robber,"""Episode 2""",David Maloney,Peter Ling,21 September 1968,UU,6.5,49.0
45.0,The Mind Robber,"""Episode 3""",David Maloney,Peter Ling,28 September 1968,UU,7.2,53.0
45.0,The Mind Robber,"""Episode 4""",David Maloney,Peter Ling,5 October 1968,UU,7.3,56.0
45.0,The Mind Robber,"""Episode 5""",David Maloney,Peter Ling,12 October 1968,UU,6.7,49.0
46.0,The Invasion,"""Episode One""†",Douglas Camfield,Derrick Sherwin and Kit Pedler (story),2 November 1968,VV,7.3,55.0
46.0,The Invasion,"""Episode ""Two""",Douglas Camfield,Derrick Sherwin and Kit Pedler (story),9 November 1968,VV,7.1,53.0
46.0,The Invasion,"""Episode Three""",Douglas Camfield,Derrick Sherwin and Kit Pedler (story),16 November 1968,VV,7.1,54.0
46.0,The Invasion,"""Episode Four""†",Douglas Camfield,Derrick Sherwin and Kit Pedler (story),23 November 1968,VV,6.4,51.0
46.0,The Invasion,"""Episode Five""",Douglas Camfield,Derrick Sherwin and Kit Pedler (story),30 November 1968,VV,6.7,52.0
46.0,The Invasion,"""Episode Six""",Douglas Camfield,Derrick Sherwin and Kit Pedler (story),7 December 1968,VV,6.5,56.0
46.0,The Invasion,"""Episode Seven""",Douglas Camfield,Derrick Sherwin and Kit Pedler (story),14 December 1968,VV,7.2,55.0
46.0,The Invasion,"""Episode Eight""",Douglas Camfield,Derrick Sherwin and Kit Pedler (story),21 December 1968,VV,7.0,53.0
47.0,The Krotons,"""Episode One""",David Maloney,Robert Holmes,28 December 1968,WW,9.0,59.0
47.0,The Krotons,"""Episode Two""",David Maloney,Robert Holmes,4 January 1969,WW,8.4,57.0
47.0,The Krotons,"""Episode Three""",David Maloney,Robert Holmes,11 January 1969,WW,7.5,56.0
47.0,The Krotons,"""Episode Four""",David Maloney,Robert Holmes,18 January 1969,WW,7.1,55.0
48.0,The Seeds of Death,"""Episode One""",Michael Ferguson,Brian Hayles,25 January 1969,XX,6.6,57.0
48.0,The Seeds of Death,"""Episode Two""",Michael Ferguson,Brian Hayles,1 February 1969,XX,6.8,59.0
48.0,The Seeds of Death,"""Episode Three""",Michael Ferguson,Brian Hayles and Terrance Dicks (uncredited),8 February 1969,XX,7.5,55.0
48.0,The Seeds of Death,"""Episode Four""",Michael Ferguson,Brian Hayles and Terrance Dicks (uncredited),15 February 1969,XX,7.1,55.0
48.0,The Seeds of Death,"""Episode Five""",Michael Ferguson,Brian Hayles and Terrance Dicks (uncredited),22 February 1969,XX,7.6,57.0
48.0,The Seeds of Death,"""Episode Six""",Michael Ferguson,Brian Hayles and Terrance Dicks (uncredited),1 March 1969,XX,7.7,59.0
49.0,The Space Pirates,"""Episode One""†",Michael Hart,Robert Holmes,8 March 1969,YY,5.8,57.0
49.0,The Space Pirates,"""Episode Two""",Michael Hart,Robert Holmes,15 March 1969,YY,6.8,52.0
49.0,The Space Pirates,"""Episode Three""†",Michael Hart,Robert Holmes,22 March 1969,YY,6.4,55.0
49.0,The Space Pirates,"""Episode Four""†",Michael Hart,Robert Holmes,29 March 1969,YY,5.8,53.0
49.0,The Space Pirates,"""Episode Five""†",Michael Hart,Robert Holmes,5 April 1969,YY,5.5,56.0
49.0,The Space Pirates,"""Episode Six""†",Michael Hart,Robert Holmes,12 April 1969,YY,5.3,52.0
50.0,The War Games,"""Episode One""",David Maloney,Terrance Dicks and Malcolm Hulke,19 April 1969,ZZ,5.5,55.0
50.0,The War Games,"""Episode Two""",David Maloney,Terrance Dicks and Malcolm Hulke,26 April 1969,ZZ,6.3,54.0
50.0,The War Games,"""Episode Three""",David Maloney,Terrance Dicks and Malcolm Hulke,3 May 1969,ZZ,5.1,53.0
50.0,The War Games,"""Episode Four""",David Maloney,Terrance Dicks and Malcolm Hulke,10 May 1969,ZZ,5.7,50.0
50.0,The War Games,"""Episode Five""",David Maloney,Terrance Dicks and Malcolm Hulke,17 May 1969,ZZ,5.1,53.0
50.0,The War Games,"""Episode Six""",David Maloney,Terrance Dicks and Malcolm Hulke,24 May 1969,ZZ,4.2,53.0
50.0,The War Games,"""Episode Seven""",David Maloney,Terrance Dicks and Malcolm Hulke,31 May 1969,ZZ,4.9,53.0
50.0,The War Games,"""Episode Eight""",David Maloney,Terrance Dicks and Malcolm Hulke,7 June 1969,ZZ,3.5,53.0
50.0,The War Games,"""Episode Nine""",David Maloney,Terrance Dicks and Malcolm Hulke,14 June 1969,ZZ,4.1,57.0
50.0,The War Games,"""Episode Ten""",David Maloney,Terrance Dicks and Malcolm Hulke,21 June 1969,ZZ,5.0,58.0
51.0,Spearhead from Space,"""Episode 1""",Derek Martinus,Robert Holmes,3 January 1970,AAA,8.4,54
51.0,Spearhead from Space,"""Episode 2""",Derek Martinus,Robert Holmes,10 January 1970,AAA,8.1,—
51.0,Spearhead from Space,"""Episode 3""",Derek Martinus,Robert Holmes,17 January 1970,AAA,8.3,—
51.0,Spearhead from Space,"""Episode 4""",Derek Martinus,Robert Holmes,24 January 1970,AAA,8.1,57
52.0,Doctor Who and the Silurians,"""Episode 1""",Timothy Combe,Malcolm Hulke,31 January 1970,BBB,8.8,58
52.0,Doctor Who and the Silurians,"""Episode 2""",Timothy Combe,Malcolm Hulke,7 February 1970,BBB,7.3,58
52.0,Doctor Who and the Silurians,"""Episode 3""",Timothy Combe,Malcolm Hulke,14 February 1970,BBB,7.5,57
52.0,Doctor Who and the Silurians,"""Episode 4""",Timothy Combe,Malcolm Hulke,21 February 1970,BBB,8.2,60
52.0,Doctor Who and the Silurians,"""Episode 5""",Timothy Combe,Malcolm Hulke,28 February 1970,BBB,7.5,58
52.0,Doctor Who and the Silurians,"""Episode 6""",Timothy Combe,Malcolm Hulke,7 March 1970,BBB,7.2,57
52.0,Doctor Who and the Silurians,"""Episode 7""",Timothy Combe,Malcolm Hulke,14 March 1970,BBB,7.5,58
53.0,The Ambassadors of Death,"""Episode 1""",Michael Ferguson,David Whitaker and Trevor Ray (uncredited),21 March 1970,CCC,7.1,60
53.0,The Ambassadors of Death,"""Episode 2""",Michael Ferguson,"David Whitaker, Malcolm Hulke (uncredited), and Terrance Dicks (uncredited)",28 March 1970,CCC,7.6,61
53.0,The Ambassadors of Death,"""Episode 3""",Michael Ferguson,"David Whitaker, Malcolm Hulke (uncredited), and Terrance Dicks (uncredited)",4 April 1970,CCC,8.0,59
53.0,The Ambassadors of Death,"""Episode 4""",Michael Ferguson,"David Whitaker, Malcolm Hulke (uncredited), and Terrance Dicks (uncredited)",11 April 1970,CCC,9.3,58
53.0,The Ambassadors of Death,"""Episode 5""",Michael Ferguson,"David Whitaker, Malcolm Hulke (uncredited), and Terrance Dicks (uncredited)",18 April 1970,CCC,7.1,—
53.0,The Ambassadors of Death,"""Episode 6""",Michael Ferguson,"David Whitaker, Malcolm Hulke (uncredited), and Terrance Dicks (uncredited)",25 April 1970,CCC,6.9,61
53.0,The Ambassadors of Death,"""Episode 7""",Michael Ferguson,"David Whitaker, Malcolm Hulke (uncredited), and Terrance Dicks (uncredited)",2 May 1970,CCC,6.4,62
54.0,Inferno,"""Episode 1""",Douglas Camfield,Don Houghton,9 May 1970,DDD,5.7,61
54.0,Inferno,"""Episode 2""",Douglas Camfield,Don Houghton,16 May 1970,DDD,5.9,61
54.0,Inferno,"""Episode 3""",Douglas Camfield and Barry Letts (uncredited),Don Houghton,23 May 1970,DDD,4.8,60
54.0,Inferno,"""Episode 4""",Douglas Camfield and Barry Letts (uncredited),Don Houghton,30 May 1970,DDD,6.0,60
54.0,Inferno,"""Episode 5""",Douglas Camfield and Barry Letts (uncredited),Don Houghton,6 June 1970,DDD,5.4,—
54.0,Inferno,"""Episode 6""",Douglas Camfield and Barry Letts (uncredited),Don Houghton,13 June 1970,DDD,6.7,58
54.0,Inferno,"""Episode 7""",Douglas Camfield and Barry Letts (uncredited),Don Houghton,20 June 1970,DDD,5.5,60
55.0,Terror of the Autons,"""Episode One""",Barry Letts,Robert Holmes,2 January 1971,EEE,7.3,—
55.0,Terror of the Autons,"""Episode Two""",Barry Letts,Robert Holmes,9 January 1971,EEE,8.0,—
55.0,Terror of the Autons,"""Episode Three""",Barry Letts,Robert Holmes,16 January 1971,EEE,8.1,—
55.0,Terror of the Autons,"""Episode Four""",Barry Letts,Robert Holmes,23 January 1971,EEE,8.4,—
56.0,The Mind of Evil,"""Episode One""",Timothy Combe,Don Houghton,30 January 1971,FFF,6.1,—
56.0,The Mind of Evil,"""Episode Two""",Timothy Combe,Don Houghton,6 February 1971,FFF,8.8,—
56.0,The Mind of Evil,"""Episode Three""",Timothy Combe,Don Houghton,13 February 1971,FFF,7.5,—
56.0,The Mind of Evil,"""Episode Four""",Timothy Combe,Don Houghton,20 February 1971,FFF,7.4,—
56.0,The Mind of Evil,"""Episode Five""",Timothy Combe,Don Houghton,27 February 1971,FFF,7.6,—
56.0,The Mind of Evil,"""Episode Six""",Timothy Combe,Don Houghton,6 March 1971,FFF,7.3,—
57.0,The Claws of Axos,"""Episode One""",Michael Ferguson,Bob Baker and Dave Martin,13 March 1971,GGG,7.3,—
57.0,The Claws of Axos,"""Episode Two""",Michael Ferguson,Bob Baker and Dave Martin,20 March 1971,GGG,8.0,—
57.0,The Claws of Axos,"""Episode Three""",Michael Ferguson,Bob Baker and Dave Martin,27 March 1971,GGG,6.4,—
57.0,The Claws of Axos,"""Episode Four""",Michael Ferguson,Bob Baker and Dave Martin,3 April 1971,GGG,7.8,—
58.0,Colony in Space,"""Episode One""",Michael E. Briant,Malcolm Hulke,10 April 1971,HHH,7.6,—
58.0,Colony in Space,"""Episode Two""",Michael E. Briant,Malcolm Hulke,17 April 1971,HHH,8.5,—
58.0,Colony in Space,"""Episode Three""",Michael E. Briant,Malcolm Hulke,24 April 1971,HHH,9.5,—
58.0,Colony in Space,"""Episode Four""",Michael E. Briant,Malcolm Hulke,1 May 1971,HHH,8.1,—
58.0,Colony in Space,"""Episode Five""",Michael E. Briant,Malcolm Hulke,8 May 1971,HHH,8.8,—
58.0,Colony in Space,"""Episode Six""",Michael E. Briant,Malcolm Hulke,15 May 1971,HHH,8.7,—
59.0,The Dæmons,"""Episode One""",Christopher Barry,Guy Leopold (Robert Sloman and Barry Letts),22 May 1971,JJJ,9.2,—
59.0,The Dæmons,"""Episode Two""",Christopher Barry,Guy Leopold (Robert Sloman and Barry Letts),29 May 1971,JJJ,8.0,—
59.0,The Dæmons,"""Episode Three""",Christopher Barry,Guy Leopold (Robert Sloman and Barry Letts),5 June 1971,JJJ,8.1,—
59.0,The Dæmons,"""Episode Four""",Christopher Barry,Guy Leopold (Robert Sloman and Barry Letts),12 June 1971,JJJ,8.1,—
59.0,The Dæmons,"""Episode Five""",Christopher Barry,Guy Leopold (Robert Sloman and Barry Letts),19 June 1971,JJJ,8.3,—
60.0,Day of the Daleks,"""Episode One""",Paul Bernard,Louis Marks,1 January 1972,KKK,9.8,—
60.0,Day of the Daleks,"""Episode Two""",Paul Bernard,Louis Marks,8 January 1972,KKK,10.4,—
60.0,Day of the Daleks,"""Episode Three""",Paul Bernard,Louis Marks,15 January 1972,KKK,9.1,—
60.0,Day of the Daleks,"""Episode Four""",Paul Bernard,Louis Marks,22 January 1972,KKK,9.1,—
61.0,The Curse of Peladon,"""Episode One""",Lennie Mayne,Brian Hayles,29 January 1972,MMM,10.3,—
61.0,The Curse of Peladon,"""Episode Two""",Lennie Mayne,Brian Hayles,5 February 1972,MMM,11.0,—
61.0,The Curse of Peladon,"""Episode Three""",Lennie Mayne,Brian Hayles,12 February 1972,MMM,7.8,—
61.0,The Curse of Peladon,"""Episode Four""",Lennie Mayne,Brian Hayles,19 February 1972,MMM,8.4,—
62.0,The Sea Devils,"""Episode One""",Michael E. Briant,Malcolm Hulke,26 February 1972,LLL,6.4,—
62.0,The Sea Devils,"""Episode Two""",Michael E. Briant,Malcolm Hulke,4 March 1972,LLL,9.7,—
62.0,The Sea Devils,"""Episode Three""",Michael E. Briant,Malcolm Hulke,11 March 1972,LLL,8.3,—
62.0,The Sea Devils,"""Episode Four""",Michael E. Briant,Malcolm Hulke,18 March 1972,LLL,7.8,—
62.0,The Sea Devils,"""Episode Five""",Michael E. Briant,Malcolm Hulke,25 March 1972,LLL,8.3,—
62.0,The Sea Devils,"""Episode Six""",Michael E. Briant,Malcolm Hulke,1 April 1972,LLL,8.5,—
63.0,The Mutants,"""Episode One""",Christopher Barry,Bob Baker and Dave Martin,8 April 1972,NNN,9.1,—
63.0,The Mutants,"""Episode Two""",Christopher Barry,Bob Baker and Dave Martin,15 April 1972,NNN,7.8,—
63.0,The Mutants,"""Episode Three""",Christopher Barry,Bob Baker and Dave Martin,22 April 1972,NNN,7.9,—
63.0,The Mutants,"""Episode Four""",Christopher Barry,Bob Baker and Dave Martin,29 April 1972,NNN,7.5,—
63.0,The Mutants,"""Episode Five""",Christopher Barry,Bob Baker and Dave Martin,6 May 1972,NNN,7.9,—
63.0,The Mutants,"""Episode Six""",Christopher Barry,Bob Baker and Dave Martin,13 May 1972,NNN,6.5,—
64.0,The Time Monster,"""Episode One""",Paul Bernard,Robert Sloman and Barry Letts (uncredited),20 May 1972,OOO,7.6,—
64.0,The Time Monster,"""Episode Two""",Paul Bernard,Robert Sloman and Barry Letts (uncredited),27 May 1972,OOO,7.4,—
64.0,The Time Monster,"""Episode Three""",Paul Bernard,Robert Sloman and Barry Letts (uncredited),3 June 1972,OOO,8.1,—
64.0,The Time Monster,"""Episode Four""",Paul Bernard,Robert Sloman and Barry Letts (uncredited),10 June 1972,OOO,7.6,—
64.0,The Time Monster,"""Episode Five""",Paul Bernard,Robert Sloman and Barry Letts (uncredited),17 June 1972,OOO,6.0,—
64.0,The Time Monster,"""Episode Six""",Paul Bernard,Robert Sloman and Barry Letts (uncredited),24 June 1972,OOO,7.6,—
65.0,The Three Doctors,"""Episode One""",Lennie Mayne,Bob Baker and Dave Martin,30 December 1972,RRR,9.6,—
65.0,The Three Doctors,"""Episode Two""",Lennie Mayne,Bob Baker and Dave Martin,6 January 1973,RRR,10.8,—
65.0,The Three Doctors,"""Episode Three""",Lennie Mayne,Bob Baker and Dave Martin,13 January 1973,RRR,8.8,—
65.0,The Three Doctors,"""Episode Four""",Lennie Mayne,Bob Baker and Dave Martin,20 January 1973,RRR,11.9,—
66.0,Carnival of Monsters,"""Episode One""",Barry Letts,Robert Holmes,27 January 1973,PPP,9.5,—
66.0,Carnival of Monsters,"""Episode Two""",Barry Letts,Robert Holmes,3 February 1973,PPP,9.0,—
66.0,Carnival of Monsters,"""Episode Three""",Barry Letts,Robert Holmes,10 February 1973,PPP,9.0,—
66.0,Carnival of Monsters,"""Episode Four""",Barry Letts,Robert Holmes,17 February 1973,PPP,9.2,—
67.0,Frontier in Space,"""Episode One""",Paul Bernard,Malcolm Hulke,24 February 1973,QQQ,9.1,—
67.0,Frontier in Space,"""Episode Two""",Paul Bernard,Malcolm Hulke,3 March 1973,QQQ,7.8,—
67.0,Frontier in Space,"""Episode Three""",Paul Bernard,Malcolm Hulke,10 March 1973,QQQ,7.5,—
67.0,Frontier in Space,"""Episode Four""",Paul Bernard,Malcolm Hulke,17 March 1973,QQQ,7.1,—
67.0,Frontier in Space,"""Episode Five""",Paul Bernard,Malcolm Hulke,24 March 1973,QQQ,7.7,—
67.0,Frontier in Space,"""Episode Six""",Paul Bernard,Malcolm Hulke,31 March 1973,QQQ,8.9,—
68.0,Planet of the Daleks,"""Episode One""",David Maloney,Terry Nation,7 April 1973,SSS,11.0,—
68.0,Planet of the Daleks,"""Episode Two""",David Maloney,Terry Nation,14 April 1973,SSS,10.7,—
68.0,Planet of the Daleks,"""Episode Three""",David Maloney,Terry Nation,21 April 1973,SSS,10.1,—
68.0,Planet of the Daleks,"""Episode Four""",David Maloney,Terry Nation,28 April 1973,SSS,8.3,—
68.0,Planet of the Daleks,"""Episode Five""",David Maloney,Terry Nation,5 May 1973,SSS,9.7,—
68.0,Planet of the Daleks,"""Episode Six""",David Maloney,Terry Nation,12 May 1973,SSS,8.5,—
69.0,The Green Death,"""Episode One""",Michael E. Briant,Robert Sloman and Barry Letts (uncredited),19 May 1973,TTT,9.2,—
69.0,The Green Death,"""Episode Two""",Michael E. Briant,Robert Sloman and Barry Letts (uncredited),26 May 1973,TTT,7.2,—
69.0,The Green Death,"""Episode Three""",Michael E. Briant,Robert Sloman and Barry Letts (uncredited),2 June 1973,TTT,7.8,—
69.0,The Green Death,"""Episode Four""",Michael E. Briant,Robert Sloman and Barry Letts (uncredited),9 June 1973,TTT,6.8,—
69.0,The Green Death,"""Episode Five""",Michael E. Briant,Robert Sloman and Barry Letts (uncredited),16 June 1973,TTT,8.3,—
69.0,The Green Death,"""Episode Six""",Michael E. Briant,Robert Sloman and Barry Letts (uncredited),23 June 1973,TTT,7.0,—
70.0,The Time Warrior,"""Part One""",Alan Bromly,Robert Holmes,15 December 1973,UUU,8.7,59
70.0,The Time Warrior,"""Part Two""",Alan Bromly,Robert Holmes,22 December 1973,UUU,7.0,—
70.0,The Time Warrior,"""Part Three""",Alan Bromly,Robert Holmes,29 December 1973,UUU,6.6,—
70.0,The Time Warrior,"""Part Four""",Alan Bromly,Robert Holmes,5 January 1974,UUU,10.6,60
71.0,Invasion of the Dinosaurs,"""Part One""",Paddy Russell,Malcolm Hulke,12 January 1974,WWW,11.0,62
71.0,Invasion of the Dinosaurs,"""Part Two""",Paddy Russell,Malcolm Hulke,19 January 1974,WWW,10.1,—
71.0,Invasion of the Dinosaurs,"""Part Three""",Paddy Russell,Malcolm Hulke,26 January 1974,WWW,11.0,63
71.0,Invasion of the Dinosaurs,"""Part Four""",Paddy Russell,Malcolm Hulke,2 February 1974,WWW,9.0,—
71.0,Invasion of the Dinosaurs,"""Part Five""",Paddy Russell,Malcolm Hulke,9 February 1974,WWW,9.0,—
71.0,Invasion of the Dinosaurs,"""Part Six""",Paddy Russell,Malcolm Hulke,16 February 1974,WWW,7.5,62
72.0,Death to the Daleks,"""Part One""",Michael E. Briant,Terry Nation,23 February 1974,XXX,8.1,61
72.0,Death to the Daleks,"""Part Two""",Michael E. Briant,Terry Nation,2 March 1974,XXX,9.5,—
72.0,Death to the Daleks,"""Part Three""",Michael E. Briant,Terry Nation,9 March 1974,XXX,10.5,61
72.0,Death to the Daleks,"""Part Four""",Michael E. Briant,Terry Nation,16 March 1974,XXX,9.5,62
73.0,The Monster of Peladon,"""Part One""",Lennie Mayne,Brian Hayles,23 March 1974,YYY,9.2,—
73.0,The Monster of Peladon,"""Part Two""",Lennie Mayne,Brian Hayles,30 March 1974,YYY,6.8,—
73.0,The Monster of Peladon,"""Part Three""",Lennie Mayne,Brian Hayles,6 April 1974,YYY,7.4,—
73.0,The Monster of Peladon,"""Part Four""",Lennie Mayne,Brian Hayles,13 April 1974,YYY,7.2,—
73.0,The Monster of Peladon,"""Part Five""",Lennie Mayne,Brian Hayles,20 April 1974,YYY,7.5,—
73.0,The Monster of Peladon,"""Part Six""",Lennie Mayne,Brian Hayles,27 April 1974,YYY,8.1,—
74.0,Planet of the Spiders,"""Part One""",Barry Letts,Robert Sloman and Barry Letts (uncredited),4 May 1974,ZZZ,10.1,58
74.0,Planet of the Spiders,"""Part Two""",Barry Letts,Robert Sloman and Barry Letts (uncredited),11 May 1974,ZZZ,8.9,60
74.0,Planet of the Spiders,"""Part Three""",Barry Letts,Robert Sloman and Barry Letts (uncredited),18 May 1974,ZZZ,8.8,57
74.0,Planet of the Spiders,"""Part Four""",Barry Letts,Robert Sloman and Barry Letts (uncredited),25 May 1974,ZZZ,8.2,—
74.0,Planet of the Spiders,"""Part Five""",Barry Letts,Robert Sloman and Barry Letts (uncredited),1 June 1974,ZZZ,9.2,—
74.0,Planet of the Spiders,"""Part Six""",Barry Letts,Robert Sloman and Barry Letts (uncredited),8 June 1974,ZZZ,8.9,56
75.0,Robot,"""Part One""",Christopher Barry,Terrance Dicks,28 December 1974,4A,10.8,53
75.0,Robot,"""Part Two""",Christopher Barry,Terrance Dicks,4 January 1975,4A,10.7,53
75.0,Robot,"""Part Three""",Christopher Barry,Terrance Dicks,11 January 1975,4A,10.1,—
75.0,Robot,"""Part Four""",Christopher Barry,Terrance Dicks,18 January 1975,4A,9.0,51
76.0,The Ark in Space,"""Part One""",Rodney Bennett,Robert Holmes,25 January 1975,4C,9.4,—
76.0,The Ark in Space,"""Part Two""",Rodney Bennett,Robert Holmes,1 February 1975,4C,13.6,—
76.0,The Ark in Space,"""Part Three""",Rodney Bennett,Robert Holmes,8 February 1975,4C,11.2,—
76.0,The Ark in Space,"""Part Four""",Rodney Bennett,Robert Holmes,15 February 1975,4C,10.2,—
77.0,The Sontaran Experiment,"""Part One""",Rodney Bennett,Bob Baker and Dave Martin,22 February 1975,4B,11.0,—
77.0,The Sontaran Experiment,"""Part Two""",Rodney Bennett,Bob Baker and Dave Martin,1 March 1975,4B,10.5,55
78.0,Genesis of the Daleks,"""Part One""",David Maloney,Terry Nation,8 March 1975,4E,10.7,—
78.0,Genesis of the Daleks,"""Part Two""",David Maloney,Terry Nation,15 March 1975,4E,10.5,57
78.0,Genesis of the Daleks,"""Part Three""",David Maloney,Terry Nation,22 March 1975,4E,8.5,—
78.0,Genesis of the Daleks,"""Part Four""",David Maloney,Terry Nation,29 March 1975,4E,8.8,58
78.0,Genesis of the Daleks,"""Part Five""",David Maloney,Terry Nation,5 April 1975,4E,9.8,57
78.0,Genesis of the Daleks,"""Part Six""",David Maloney,Terry Nation,12 April 1975,4E,9.1,56
79.0,Revenge of the Cybermen,"""Part One""",Michael E. Briant,Gerry Davis,19 April 1975,4D,9.5,57
79.0,Revenge of the Cybermen,"""Part Two""",Michael E. Briant,Gerry Davis,26 April 1975,4D,8.3,—
79.0,Revenge of the Cybermen,"""Part Three""",Michael E. Briant,Gerry Davis,3 May 1975,4D,8.9,—
79.0,Revenge of the Cybermen,"""Part Four""",Michael E. Briant,Gerry Davis,10 May 1975,4D,9.4,58
80.0,Terror of the Zygons,"""Part One""",Douglas Camfield,Robert Banks Stewart,30 August 1975,4F,8.4,59
80.0,Terror of the Zygons,"""Part Two""",Douglas Camfield,Robert Banks Stewart,6 September 1975,4F,6.1,—
80.0,Terror of the Zygons,"""Part Three""",Douglas Camfield,Robert Banks Stewart,13 September 1975,4F,8.2,54
80.0,Terror of the Zygons,"""Part Four""",Douglas Camfield,Robert Banks Stewart,20 September 1975,4F,7.2,—
81.0,Planet of Evil,"""Part One""",David Maloney,Louis Marks,27 September 1975,4H,10.4,—
81.0,Planet of Evil,"""Part Two""",David Maloney,Louis Marks,4 October 1975,4H,9.9,56
81.0,Planet of Evil,"""Part Three""",David Maloney,Louis Marks,11 October 1975,4H,9.1,57
81.0,Planet of Evil,"""Part Four""",David Maloney,Louis Marks,18 October 1975,4H,10.1,54
82.0,Pyramids of Mars,"""Part One""",Paddy Russell,Stephen Harris (Lewis Greifer and Robert Holmes),25 October 1975,4G,10.5,—
82.0,Pyramids of Mars,"""Part Two""",Paddy Russell,Stephen Harris (Lewis Greifer and Robert Holmes),1 November 1975,4G,11.3,—
82.0,Pyramids of Mars,"""Part Three""",Paddy Russell,Stephen Harris (Lewis Greifer and Robert Holmes),8 November 1975,4G,9.4,—
82.0,Pyramids of Mars,"""Part Four""",Paddy Russell,Stephen Harris (Lewis Greifer and Robert Holmes),15 November 1975,4G,11.7,60
83.0,The Android Invasion,"""Part One""",Barry Letts,Terry Nation,22 November 1975,4J,11.9,58
83.0,The Android Invasion,"""Part Two""",Barry Letts,Terry Nation,29 November 1975,4J,11.3,—
83.0,The Android Invasion,"""Part Three""",Barry Letts,Terry Nation,6 December 1975,4J,12.1,—
83.0,The Android Invasion,"""Part Four""",Barry Letts,Terry Nation,13 December 1975,4J,11.4,—
84.0,The Brain of Morbius,"""Part One""",Christopher Barry,Robin Bland (Terrance Dicks and Robert Holmes),3 January 1976,4K,9.5,—
84.0,The Brain of Morbius,"""Part Two""",Christopher Barry,Robin Bland (Terrance Dicks and Robert Holmes),10 January 1976,4K,9.3,—
84.0,The Brain of Morbius,"""Part Three""",Christopher Barry,Robin Bland (Terrance Dicks and Robert Holmes),17 January 1976,4K,10.1,57
84.0,The Brain of Morbius,"""Part Four""",Christopher Barry,Robin Bland (Terrance Dicks and Robert Holmes),24 January 1976,4K,10.2,—
85.0,The Seeds of Doom,"""Part One""",Douglas Camfield,Robert Banks Stewart,31 January 1976,4L,11.4,59
85.0,The Seeds of Doom,"""Part Two""",Douglas Camfield,Robert Banks Stewart,7 February 1976,4L,11.4,—
85.0,The Seeds of Doom,"""Part Three""",Douglas Camfield,Robert Banks Stewart,14 February 1976,4L,10.3,—
85.0,The Seeds of Doom,"""Part Four""",Douglas Camfield,Robert Banks Stewart,21 February 1976,4L,11.1,—
85.0,The Seeds of Doom,"""Part Five""",Douglas Camfield,Robert Banks Stewart,28 February 1976,4L,9.9,—
85.0,The Seeds of Doom,"""Part Six""",Douglas Camfield,Robert Banks Stewart,6 March 1976,4L,11.5,—
86.0,The Masque of Mandragora,"""Part One""",Rodney Bennett,Louis Marks,4 September 1976,4M,8.3,58
86.0,The Masque of Mandragora,"""Part Two""",Rodney Bennett,Louis Marks,11 September 1976,4M,9.8,56
86.0,The Masque of Mandragora,"""Part Three""",Rodney Bennett,Louis Marks,18 September 1976,4M,9.2,—
86.0,The Masque of Mandragora,"""Part Four""",Rodney Bennett,Louis Marks,25 September 1976,4M,10.6,56
87.0,The Hand of Fear,"""Part One""",Lennie Mayne,Bob Baker and Dave Martin,2 October 1976,4N,10.5,—
87.0,The Hand of Fear,"""Part Two""",Lennie Mayne,Bob Baker and Dave Martin,9 October 1976,4N,10.2,—
87.0,The Hand of Fear,"""Part Three""",Lennie Mayne,Bob Baker and Dave Martin,16 October 1976,4N,11.1,62
87.0,The Hand of Fear,"""Part Four""",Lennie Mayne,Bob Baker and Dave Martin,23 October 1976,4N,12.0,—
88.0,The Deadly Assassin,"""Part One""",David Maloney,Robert Holmes,30 October 1976,4P,11.8,—
88.0,The Deadly Assassin,"""Part Two""",David Maloney,Robert Holmes,6 November 1976,4P,12.1,59
88.0,The Deadly Assassin,"""Part Three""",David Maloney,Robert Holmes,13 November 1976,4P,13.0,—
88.0,The Deadly Assassin,"""Part Four""",David Maloney,Robert Holmes,20 November 1976,4P,11.8,61
89.0,The Face of Evil,"""Part One""",Pennant Roberts,Chris Boucher,1 January 1977,4Q,10.7,61
89.0,The Face of Evil,"""Part Two""",Pennant Roberts,Chris Boucher,8 January 1977,4Q,11.1,—
89.0,The Face of Evil,"""Part Three""",Pennant Roberts,Chris Boucher,15 January 1977,4Q,11.3,59
89.0,The Face of Evil,"""Part Four""",Pennant Roberts,Chris Boucher,22 January 1977,4Q,11.7,60
90.0,The Robots of Death,"""Part One""",Michael E. Briant,Chris Boucher,29 January 1977,4R,12.8,62
90.0,The Robots of Death,"""Part Two""",Michael E. Briant,Chris Boucher,5 February 1977,4R,12.4,—
90.0,The Robots of Death,"""Part Three""",Michael E. Briant,Chris Boucher,12 February 1977,4R,13.1,—
90.0,The Robots of Death,"""Part Four""",Michael E. Briant,Chris Boucher,19 February 1977,4R,12.6,57
91.0,The Talons of Weng-Chiang,"""Part One""",David Maloney,Robert Holmes,26 February 1977,4S,11.3,—
91.0,The Talons of Weng-Chiang,"""Part Two""",David Maloney,Robert Holmes,5 March 1977,4S,9.8,—
91.0,The Talons of Weng-Chiang,"""Part Three""",David Maloney,Robert Holmes,12 March 1977,4S,10.2,—
91.0,The Talons of Weng-Chiang,"""Part Four""",David Maloney,Robert Holmes,19 March 1977,4S,11.4,60
91.0,The Talons of Weng-Chiang,"""Part Five""",David Maloney,Robert Holmes,26 March 1977,4S,10.1,—
91.0,The Talons of Weng-Chiang,"""Part Six""",David Maloney,Robert Holmes,2 April 1977,4S,9.3,58
92.0,Horror of Fang Rock,"""Part One""",Paddy Russell,Terrance Dicks,3 September 1977,4V,6.8,58
92.0,Horror of Fang Rock,"""Part Two""",Paddy Russell,Terrance Dicks,10 September 1977,4V,7.1,—
92.0,Horror of Fang Rock,"""Part Three""",Paddy Russell,Terrance Dicks,17 September 1977,4V,9.8,60
92.0,Horror of Fang Rock,"""Part Four""",Paddy Russell,Terrance Dicks,24 September 1977,4V,9.9,57
93.0,The Invisible Enemy,"""Part One""",Derrick Goodwin,Bob Baker and Dave Martin,1 October 1977,4T,8.6,—
93.0,The Invisible Enemy,"""Part Two""",Derrick Goodwin,Bob Baker and Dave Martin,8 October 1977,4T,7.3,—
93.0,The Invisible Enemy,"""Part Three""",Derrick Goodwin,Bob Baker and Dave Martin,15 October 1977,4T,7.5,—
93.0,The Invisible Enemy,"""Part Four""",Derrick Goodwin,Bob Baker and Dave Martin,22 October 1977,4T,8.3,60
94.0,Image of the Fendahl,"""Part One""",George Spenton-Foster,Chris Boucher,29 October 1977,4X,6.7,—
94.0,Image of the Fendahl,"""Part Two""",George Spenton-Foster,Chris Boucher,5 November 1977,4X,7.5,75
94.0,Image of the Fendahl,"""Part Three""",George Spenton-Foster,Chris Boucher,12 November 1977,4X,7.9,—
94.0,Image of the Fendahl,"""Part Four""",George Spenton-Foster,Chris Boucher,19 November 1977,4X,9.1,61
95.0,The Sun Makers,"""Part One""",Pennant Roberts,Robert Holmes,26 November 1977,4W,8.5,—
95.0,The Sun Makers,"""Part Two""",Pennant Roberts,Robert Holmes,3 December 1977,4W,9.5,—
95.0,The Sun Makers,"""Part Three""",Pennant Roberts,Robert Holmes,10 December 1977,4W,8.9,68
95.0,The Sun Makers,"""Part Four""",Pennant Roberts,Robert Holmes,17 December 1977,4W,8.4,59
96.0,Underworld,"""Part One""",Norman Stewart,Bob Baker and Dave Martin,7 January 1978,4Y,8.9,65
96.0,Underworld,"""Part Two""",Norman Stewart,Bob Baker and Dave Martin,14 January 1978,4Y,9.1,—
96.0,Underworld,"""Part Three""",Norman Stewart,Bob Baker and Dave Martin,21 January 1978,4Y,8.9,—
96.0,Underworld,"""Part Four""",Norman Stewart,Bob Baker and Dave Martin,28 January 1978,4Y,11.7,—
97.0,The Invasion of Time,"""Part One""",Gerald Blake,David Agnew (Graham Williams and Anthony Read),4 February 1978,4Z,11.2,56
97.0,The Invasion of Time,"""Part Two""",Gerald Blake,David Agnew (Graham Williams and Anthony Read),11 February 1978,4Z,11.4,—
97.0,The Invasion of Time,"""Part Three""",Gerald Blake,David Agnew (Graham Williams and Anthony Read),18 February 1978,4Z,9.5,—
97.0,The Invasion of Time,"""Part Four""",Gerald Blake,David Agnew (Graham Williams and Anthony Read),25 February 1978,4Z,10.9,—
97.0,The Invasion of Time,"""Part Five""",Gerald Blake,David Agnew (Graham Williams and Anthony Read),4 March 1978,4Z,10.3,—
97.0,The Invasion of Time,"""Part Six""",Gerald Blake,David Agnew (Graham Williams and Anthony Read),11 March 1978,4Z,9.8,—
98.0,The Ribos Operation,"""Part One""",George Spenton-Foster,Robert Holmes,2 September 1978,5A,8.3,59
98.0,The Ribos Operation,"""Part Two""",George Spenton-Foster,Robert Holmes,9 September 1978,5A,8.1,—
98.0,The Ribos Operation,"""Part Three""",George Spenton-Foster,Robert Holmes,16 September 1978,5A,7.9,—
98.0,The Ribos Operation,"""Part Four""",George Spenton-Foster,Robert Holmes,23 September 1978,5A,8.2,67
99.0,The Pirate Planet,"""Part One""",Pennant Roberts,Douglas Adams,30 September 1978,5B,9.1,61
99.0,The Pirate Planet,"""Part Two""",Pennant Roberts,Douglas Adams,7 October 1978,5B,7.4,—
99.0,The Pirate Planet,"""Part Three""",Pennant Roberts,Douglas Adams,14 October 1978,5B,8.2,64
99.0,The Pirate Planet,"""Part Four""",Pennant Roberts,Douglas Adams,21 October 1978,5B,8.4,64
100.0,The Stones of Blood,"""Part One""",Darrol Blake,David Fisher,28 October 1978,5C,8.6,—
100.0,The Stones of Blood,"""Part Two""",Darrol Blake,David Fisher,4 November 1978,5C,6.6,—
100.0,The Stones of Blood,"""Part Three""",Darrol Blake,David Fisher,11 November 1978,5C,9.3,—
100.0,The Stones of Blood,"""Part Four""",Darrol Blake,David Fisher,18 November 1978,5C,7.6,67
101.0,The Androids of Tara,"""Part One""",Michael Hayes,David Fisher,25 November 1978,5D,9.5,—
101.0,The Androids of Tara,"""Part Two""",Michael Hayes,David Fisher,2 December 1978,5D,10.1,65
101.0,The Androids of Tara,"""Part Three""",Michael Hayes,David Fisher,9 December 1978,5D,8.9,—
101.0,The Androids of Tara,"""Part Four""",Michael Hayes,David Fisher,16 December 1978,5D,9.0,66
102.0,The Power of Kroll,"""Part One""",Norman Stewart,Robert Holmes,23 December 1978,5E,6.5,—
102.0,The Power of Kroll,"""Part Two""",Norman Stewart,Robert Holmes,30 December 1978,5E,12.4,—
102.0,The Power of Kroll,"""Part Three""",Norman Stewart,Robert Holmes,6 January 1979,5E,8.9,—
102.0,The Power of Kroll,"""Part Four""",Norman Stewart,Robert Holmes,13 January 1979,5E,9.9,63
103.0,The Armageddon Factor,"""Part One""",Michael Hayes,Bob Baker and Dave Martin,20 January 1979,5F,7.5,65
103.0,The Armageddon Factor,"""Part Two""",Michael Hayes,Bob Baker and Dave Martin,27 January 1979,5F,8.8,—
103.0,The Armageddon Factor,"""Part Three""",Michael Hayes,Bob Baker and Dave Martin,3 February 1979,5F,7.8,—
103.0,The Armageddon Factor,"""Part Four""",Michael Hayes,Bob Baker and Dave Martin,10 February 1979,5F,8.6,—
103.0,The Armageddon Factor,"""Part Five""",Michael Hayes,Bob Baker and Dave Martin,17 February 1979,5F,8.6,—
103.0,The Armageddon Factor,"""Part Six""",Michael Hayes,Bob Baker and Dave Martin,24 February 1979,5F,9.6,66
104,Destiny of the Daleks,"""Episode One""",Ken Grieve,Terry Nation,1 September 1979,5J,13.0,67
104,Destiny of the Daleks,"""Episode Two""",Ken Grieve,Terry Nation,8 September 1979,5J,12.7,—
104,Destiny of the Daleks,"""Episode Three""",Ken Grieve,Terry Nation,15 September 1979,5J,13.8,63
104,Destiny of the Daleks,"""Episode Four""",Ken Grieve,Terry Nation,22 September 1979,5J,14.4,64
105,City of Death,"""Part One""",Michael Hayes,"David Agnew (Douglas Adams, Graham Williams and David Fisher)",29 September 1979,5H,12.4,—
105,City of Death,"""Part Two""",Michael Hayes,"David Agnew (Douglas Adams, Graham Williams and David Fisher)",6 October 1979,5H,14.1,64
105,City of Death,"""Part Three""",Michael Hayes,"David Agnew (Douglas Adams, Graham Williams and David Fisher)",13 October 1979,5H,15.4,—
105,City of Death,"""Part Four""",Michael Hayes,"David Agnew (Douglas Adams, Graham Williams and David Fisher)",20 October 1979,5H,16.1,64
106,The Creature from the Pit,"""Part One""",Christopher Barry,David Fisher,27 October 1979,5G,9.3,—
106,The Creature from the Pit,"""Part Two""",Christopher Barry,David Fisher,3 November 1979,5G,10.8,67
106,The Creature from the Pit,"""Part Three""",Christopher Barry,David Fisher,10 November 1979,5G,10.2,—
106,The Creature from the Pit,"""Part Four""",Christopher Barry,David Fisher,17 November 1979,5G,9.6,—
107,Nightmare of Eden,"""Part One""",Alan Bromly,Bob Baker,24 November 1979,5K,8.7,—
107,Nightmare of Eden,"""Part Two""",Alan Bromly,Bob Baker,1 December 1979,5K,9.6,—
107,Nightmare of Eden,"""Part Three""",Alan Bromly,Bob Baker,8 December 1979,5K,9.6,—
107,Nightmare of Eden,"""Part Four""",Alan Bromly,Bob Baker,15 December 1979,5K,9.4,65
108,The Horns of Nimon,"""Part One""",Kenny McBain,Anthony Read,22 December 1979,5L,6.0,—
108,The Horns of Nimon,"""Part Two""",Kenny McBain,Anthony Read,29 December 1979,5L,8.8,—
108,The Horns of Nimon,"""Part Three""",Kenny McBain,Anthony Read,5 January 1980,5L,9.8,—
108,The Horns of Nimon,"""Part Four""",Kenny McBain,Anthony Read,12 January 1980,5L,10.4,67
—,Shada,,Pennant Roberts,Douglas Adams,Unaired[note 2],5M,—,—
109.0,The Leisure Hive,"""Part One""",Lovett Bickford,David Fisher,30 August 1980,5N,5.9,—
109.0,The Leisure Hive,"""Part Two""",Lovett Bickford,David Fisher,6 September 1980,5N,5.0,—
109.0,The Leisure Hive,"""Part Three""",Lovett Bickford,David Fisher,13 September 1980,5N,5.0,—
109.0,The Leisure Hive,"""Part Four""",Lovett Bickford,David Fisher,20 September 1980,5N,4.5,65
110.0,Meglos,"""Part One""",Terence Dudley,John Flanagan & Andrew McCulloch,27 September 1980,5Q,5.0,61
110.0,Meglos,"""Part Two""",Terence Dudley,John Flanagan & Andrew McCulloch,4 October 1980,5Q,4.2,64
110.0,Meglos,"""Part Three""",Terence Dudley,John Flanagan & Andrew McCulloch,11 October 1980,5Q,4.7,—
110.0,Meglos,"""Part Four""",Terence Dudley,John Flanagan & Andrew McCulloch,18 October 1980,5Q,4.7,63
111.0,Full Circle,"""Part One""",Peter Grimwade,Andrew Smith,25 October 1980,5R,5.9,—
111.0,Full Circle,"""Part Two""",Peter Grimwade,Andrew Smith,1 November 1980,5R,3.7,—
111.0,Full Circle,"""Part Three""",Peter Grimwade,Andrew Smith,8 November 1980,5R,5.9,—
111.0,Full Circle,"""Part Four""",Peter Grimwade,Andrew Smith,15 November 1980,5R,5.4,65
112.0,State of Decay,"""Part One""",Peter Moffatt,Terrance Dicks,22 November 1980,5P,5.8,—
112.0,State of Decay,"""Part Two""",Peter Moffatt,Terrance Dicks,29 November 1980,5P,5.3,—
112.0,State of Decay,"""Part Three""",Peter Moffatt,Terrance Dicks,6 December 1980,5P,4.4,—
112.0,State of Decay,"""Part Four""",Peter Moffatt,Terrance Dicks,13 December 1980,5P,5.4,69
113.0,Warriors' Gate,"""Part One""",Paul Joyce & Graeme Harper (uncredited),Stephen Gallagher,3 January 1981,5S,7.1,59
113.0,Warriors' Gate,"""Part Two""",Paul Joyce & Graeme Harper (uncredited),Stephen Gallagher,10 January 1981,5S,6.7,—
113.0,Warriors' Gate,"""Part Three""",Paul Joyce & Graeme Harper (uncredited),Stephen Gallagher,17 January 1981,5S,8.3,—
113.0,Warriors' Gate,"""Part Four""",Paul Joyce & Graeme Harper (uncredited),Stephen Gallagher,24 January 1981,5S,7.8,59
114.0,The Keeper of Traken,"""Part One""",John Black,Johnny Byrne,31 January 1981,5T,7.6,—
114.0,The Keeper of Traken,"""Part Two""",John Black,Johnny Byrne,7 February 1981,5T,6.1,—
114.0,The Keeper of Traken,"""Part Three""",John Black,Johnny Byrne,14 February 1981,5T,5.2,—
114.0,The Keeper of Traken,"""Part Four""",John Black,Johnny Byrne,21 February 1981,5T,6.1,63
115.0,Logopolis,"""Part One""",Peter Grimwade,Christopher H. Bidmead,28 February 1981,5V,7.7,—
115.0,Logopolis,"""Part Two""",Peter Grimwade,Christopher H. Bidmead,7 March 1981,5V,7.7,61
115.0,Logopolis,"""Part Three""",Peter Grimwade,Christopher H. Bidmead,14 March 1981,5V,5.8,—
115.0,Logopolis,"""Part Four""",Peter Grimwade,Christopher H. Bidmead,21 March 1981,5V,6.1,65
116.0,Castrovalva,"""Part One""",Fiona Cumming,Christopher H. Bidmead,4 January 1982,5Z,9.1,–
116.0,Castrovalva,"""Part Two""",Fiona Cumming,Christopher H. Bidmead,5 January 1982,5Z,8.6,–
116.0,Castrovalva,"""Part Three""",Fiona Cumming,Christopher H. Bidmead,11 January 1982,5Z,10.2,–
116.0,Castrovalva,"""Part Four""",Fiona Cumming,Christopher H. Bidmead,12 January 1982,5Z,10.4,–
117.0,Four to Doomsday,"""Part One""",John Black,Terence Dudley,18 January 1982,5W,8.4,–
117.0,Four to Doomsday,"""Part Two""",John Black,Terence Dudley,19 January 1982,5W,8.8,–
117.0,Four to Doomsday,"""Part Three""",John Black,Terence Dudley,25 January 1982,5W,8.9,–
117.0,Four to Doomsday,"""Part Four""",John Black,Terence Dudley,26 January 1982,5W,9.4,–
118.0,Kinda,"""Part One""",Peter Grimwade,Christopher Bailey,1 February 1982,5Y,8.4,–
118.0,Kinda,"""Part Two""",Peter Grimwade,Christopher Bailey,2 February 1982,5Y,9.4,–
118.0,Kinda,"""Part Three""",Peter Grimwade,Christopher Bailey,8 February 1982,5Y,8.5,–
118.0,Kinda,"""Part Four""",Peter Grimwade,Christopher Bailey,9 February 1982,5Y,8.9,–
119.0,The Visitation,"""Part One""",Peter Moffatt,Eric Saward,15 February 1982,5X,9.1,–
119.0,The Visitation,"""Part Two""",Peter Moffatt,Eric Saward,16 February 1982,5X,9.3,–
119.0,The Visitation,"""Part Three""",Peter Moffatt,Eric Saward,22 February 1982,5X,9.9,–
119.0,The Visitation,"""Part Four""",Peter Moffatt,Eric Saward,23 February 1982,5X,10.1,–
120.0,Black Orchid,"""Part One""",Ron Jones,Terence Dudley,1 March 1982,6A,9.9,–
120.0,Black Orchid,"""Part Two""",Ron Jones,Terence Dudley,2 March 1982,6A,10.1,–
121.0,Earthshock,"""Part One""",Peter Grimwade,Eric Saward,8 March 1982,6B,9.1,–
121.0,Earthshock,"""Part Two""",Peter Grimwade,Eric Saward,9 March 1982,6B,8.8,–
121.0,Earthshock,"""Part Three""",Peter Grimwade,Eric Saward,15 March 1982,6B,9.8,–
121.0,Earthshock,"""Part Four""",Peter Grimwade,Eric Saward,16 March 1982,6B,9.6,–
122.0,Time-Flight,"""Part One""",Ron Jones,Peter Grimwade,22 March 1982,6C,10.0,–
122.0,Time-Flight,"""Part Two""",Ron Jones,Peter Grimwade,23 March 1982,6C,8.5,–
122.0,Time-Flight,"""Part Three""",Ron Jones,Peter Grimwade,29 March 1982,6C,8.9,–
122.0,Time-Flight,"""Part Four""",Ron Jones,Peter Grimwade,30 March 1982,6C,8.1,–
123,Arc of Infinity,"""Part One""",Ron Jones,Johnny Byrne,3 January 1983,6E,7.2,69
123,Arc of Infinity,"""Part Two""",Ron Jones,Johnny Byrne,5 January 1983,6E,7.3,70
123,Arc of Infinity,"""Part Three""",Ron Jones,Johnny Byrne,11 January 1983,6E,6.9,67
123,Arc of Infinity,"""Part Four""",Ron Jones,Johnny Byrne,12 January 1983,6E,7.2,66
124,Snakedance,"""Part One""",Fiona Cumming,Christopher Bailey,18 January 1983,6D,6.7,65
124,Snakedance,"""Part Two""",Fiona Cumming,Christopher Bailey,19 January 1983,6D,7.7,66
124,Snakedance,"""Part Three""",Fiona Cumming,Christopher Bailey,25 January 1983,6D,6.6,67
124,Snakedance,"""Part Four""",Fiona Cumming,Christopher Bailey,26 January 1983,6D,7.4,67
125,Mawdryn Undead,"""Part One""",Peter Moffatt,Peter Grimwade,1 February 1983,6F,6.5,67
125,Mawdryn Undead,"""Part Two""",Peter Moffatt,Peter Grimwade,2 February 1983,6F,7.5,70
125,Mawdryn Undead,"""Part Three""",Peter Moffatt,Peter Grimwade,8 February 1983,6F,7.4,67
125,Mawdryn Undead,"""Part Four""",Peter Moffatt,Peter Grimwade,9 February 1983,6F,7.7,68
126,Terminus,"""Part One""",Mary Ridge,Stephen Gallagher,15 February 1983,6G,6.8,65
126,Terminus,"""Part Two""",Mary Ridge,Stephen Gallagher,16 February 1983,6G,7.5,67
126,Terminus,"""Part Three""",Mary Ridge,Stephen Gallagher,22 February 1983,6G,6.5,64
126,Terminus,"""Part Four""",Mary Ridge,Stephen Gallagher,23 February 1983,6G,7.4,67
127,Enlightenment,"""Part One""",Fiona Cumming,Barbara Clegg,1 March 1983,6H,6.6,67
127,Enlightenment,"""Part Two""",Fiona Cumming,Barbara Clegg,2 March 1983,6H,7.2,65
127,Enlightenment,"""Part Three""",Fiona Cumming,Barbara Clegg,8 March 1983,6H,6.2,68
127,Enlightenment,"""Part Four""",Fiona Cumming,Barbara Clegg,9 March 1983,6H,7.3,70
128,The King's Demons,"""Part One""",Tony Virgo,Terence Dudley,15 March 1983,6J,5.8,65
128,The King's Demons,"""Part Two""",Tony Virgo,Terence Dudley,16 March 1983,6J,7.2,63
129,The Five Doctors,,Peter Moffatt,Terrance Dicks,25 November 1983[a],6K,7.7,75
130.0,Warriors of the Deep,"""Part One""",Pennant Roberts,Johnny Byrne,5 January 1984,6L,7.6,65
130.0,Warriors of the Deep,"""Part Two""",Pennant Roberts,Johnny Byrne,6 January 1984,6L,7.5,64
130.0,Warriors of the Deep,"""Part Three""",Pennant Roberts,Johnny Byrne,12 January 1984,6L,7.3,62
130.0,Warriors of the Deep,"""Part Four""",Pennant Roberts,Johnny Byrne,13 January 1984,6L,6.6,65
131.0,The Awakening,"""Part One""",Michael Owen Morris,Eric Pringle,19 January 1984,6M,7.9,65
131.0,The Awakening,"""Part Two""",Michael Owen Morris,Eric Pringle,20 January 1984,6M,6.6,63
132.0,Frontios,"""Part One""",Ron Jones,Christopher H. Bidmead,26 January 1984,6N,8.0,66
132.0,Frontios,"""Part Two""",Ron Jones,Christopher H. Bidmead,27 January 1984,6N,5.8,69
132.0,Frontios,"""Part Three""",Ron Jones,Christopher H. Bidmead,2 February 1984,6N,7.8,65
132.0,Frontios,"""Part Four""",Ron Jones,Christopher H. Bidmead,3 February 1984,6N,5.6,65
133.0,Resurrection of the Daleks,"""Part One""",Matthew Robinson,Eric Saward,8 February 1984,6P,7.3,69
133.0,Resurrection of the Daleks,"""Part Two""",Matthew Robinson,Eric Saward,15 February 1984,6P,8.0,65
134.0,Planet of Fire,"""Part One""",Fiona Cumming,Peter Grimwade,23 February 1984,6Q,7.4,—
134.0,Planet of Fire,"""Part Two""",Fiona Cumming,Peter Grimwade,24 February 1984,6Q,6.1,—
134.0,Planet of Fire,"""Part Three""",Fiona Cumming,Peter Grimwade,1 March 1984,6Q,7.4,—
134.0,Planet of Fire,"""Part Four""",Fiona Cumming,Peter Grimwade,2 March 1984,6Q,7.0,—
135.0,The Caves of Androzani,"""Part One""",Graeme Harper,Robert Holmes,8 March 1984,6R,6.9,65
135.0,The Caves of Androzani,"""Part Two""",Graeme Harper,Robert Holmes,9 March 1984,6R,6.6,—
135.0,The Caves of Androzani,"""Part Three""",Graeme Harper,Robert Holmes,15 March 1984,6R,7.8,65
135.0,The Caves of Androzani,"""Part Four""",Graeme Harper,Robert Holmes,16 March 1984,6R,7.8,68
136.0,The Twin Dilemma,"""Part One""",Peter Moffatt,Anthony Steven,22 March 1984,6S,7.6,61.0
136.0,The Twin Dilemma,"""Part Two""",Peter Moffatt,Anthony Steven,23 March 1984,6S,7.4,66.0
136.0,The Twin Dilemma,"""Part Three""",Peter Moffatt,Anthony Steven,29 March 1984,6S,7.0,59.0
136.0,The Twin Dilemma,"""Part Four""",Peter Moffatt,Anthony Steven,30 March 1984,6S,6.3,67.0
137.0,Attack of the Cybermen,"""Part One""",Matthew Robinson,Paula Moore,5 January 1985,6T,8.9,61.0
137.0,Attack of the Cybermen,"""Part Two""",Matthew Robinson,Paula Moore,12 January 1985,6T,7.2,65.0
138.0,Vengeance on Varos,"""Part One""",Ron Jones,Philip Martin,19 January 1985,6V,7.2,63.0
138.0,Vengeance on Varos,"""Part Two""",Ron Jones,Philip Martin,26 January 1985,6V,7.0,65.0
139.0,The Mark of the Rani,"""Part One""",Sarah Hellings,Pip and Jane Baker,2 February 1985,6X,6.3,64.0
139.0,The Mark of the Rani,"""Part Two""",Sarah Hellings,Pip and Jane Baker,9 February 1985,6X,7.3,64.0
140.0,The Two Doctors,"""Part One""",Peter Moffatt,Robert Holmes,16 February 1985,6W,6.6,65.0
140.0,The Two Doctors,"""Part Two""",Peter Moffatt,Robert Holmes,23 February 1985,6W,6.0,62.0
140.0,The Two Doctors,"""Part Three""",Peter Moffatt,Robert Holmes,2 March 1985,6W,6.9,65.0
141.0,Timelash,"""Part One""",Pennant Roberts,Glen McCoy,9 March 1985,6Y,6.7,66.0
141.0,Timelash,"""Part Two""",Pennant Roberts,Glen McCoy,16 March 1985,6Y,7.4,64.0
142.0,Revelation of the Daleks,"""Part One""",Graeme Harper,Eric Saward,23 March 1985,6Z,7.4,67.0
142.0,Revelation of the Daleks,"""Part Two""",Graeme Harper,Eric Saward,30 March 1985,6Z,7.7,65.0
143a,The Mysterious Planet,"""Part One""",Nicholas Mallett,Robert Holmes,6 September 1986,7A,4.9,72.0
143a,The Mysterious Planet,"""Part Two""",Nicholas Mallett,Robert Holmes,13 September 1986,7A,4.9,69.0
143a,The Mysterious Planet,"""Part Three""",Nicholas Mallett,Robert Holmes,20 September 1986,7A,3.9,70.0
143a,The Mysterious Planet,"""Part Four""",Nicholas Mallett,Robert Holmes,27 September 1986,7A,3.7,72.0
143b,Mindwarp,"""Part Five""",Ron Jones,Philip Martin,4 October 1986,7B,4.8,71.0
143b,Mindwarp,"""Part Six""",Ron Jones,Philip Martin,11 October 1986,7B,4.6,69.0
143b,Mindwarp,"""Part Seven""",Ron Jones,Philip Martin,18 October 1986,7B,5.1,66.0
143b,Mindwarp,"""Part Eight""",Ron Jones,Philip Martin,25 October 1986,7B,5.0,72.0
143c,Terror of the Vervoids,"""Part Nine""",Chris Clough,Pip and Jane Baker,1 November 1986,7C,5.2,66.0
143c,Terror of the Vervoids,"""Part Ten""",Chris Clough,Pip and Jane Baker,8 November 1986,7C,4.6,69.0
143c,Terror of the Vervoids,"""Part Eleven""",Chris Clough,Pip and Jane Baker,15 November 1986,7C,5.3,69.0
143c,Terror of the Vervoids,"""Part Twelve""",Chris Clough,Pip and Jane Baker,22 November 1986,7C,5.3,69.0
143d,The Ultimate Foe,"""Part Thirteen""",Chris Clough,Robert Holmes,29 November 1986,7C,4.4,69.0
143d,The Ultimate Foe,"""Part Fourteen""",Chris Clough,Pip and Jane Baker,6 December 1986,7C,5.6,69.0
144.0,Time and the Rani,"""Part One""",Andrew Morgan,Pip and Jane Baker,7 September 1987,7D,5.1,58.0
144.0,Time and the Rani,"""Part Two""",Andrew Morgan,Pip and Jane Baker,14 September 1987,7D,4.2,63.0
144.0,Time and the Rani,"""Part Three""",Andrew Morgan,Pip and Jane Baker,21 September 1987,7D,4.3,57.0
144.0,Time and the Rani,"""Part Four""",Andrew Morgan,Pip and Jane Baker,28 September 1987,7D,4.9,59.0
145.0,Paradise Towers,"""Part One""",Nicholas Mallett,Stephen Wyatt,5 October 1987,7E,4.5,61.0
145.0,Paradise Towers,"""Part Two""",Nicholas Mallett,Stephen Wyatt,12 October 1987,7E,5.2,58.0
145.0,Paradise Towers,"""Part Three""",Nicholas Mallett,Stephen Wyatt,19 October 1987,7E,5.0,58.0
145.0,Paradise Towers,"""Part Four""",Nicholas Mallett,Stephen Wyatt,26 October 1987,7E,5.0,57.0
146.0,Delta and the Bannermen,"""Part One""",Chris Clough,Malcolm Kohll,2 November 1987,7F,5.3,63.0
146.0,Delta and the Bannermen,"""Part Two""",Chris Clough,Malcolm Kohll,9 November 1987,7F,5.1,60.0
146.0,Delta and the Bannermen,"""Part Three""",Chris Clough,Malcolm Kohll,16 November 1987,7F,5.4,60.0
147.0,Dragonfire,"""Part One""",Chris Clough,Ian Briggs,23 November 1987,7G,5.5,61.0
147.0,Dragonfire,"""Part Two""",Chris Clough,Ian Briggs,30 November 1987,7G,5.0,61.0
147.0,Dragonfire,"""Part Three""",Chris Clough,Ian Briggs,7 December 1987,7G,4.7,64.0
148.0,Remembrance of the Daleks,"""Part One""",Andrew Morgan,Ben Aaronovitch,5 October 1988,7H,5.5,68.0
148.0,Remembrance of the Daleks,"""Part Two""",Andrew Morgan,Ben Aaronovitch,12 October 1988,7H,5.8,69.0
148.0,Remembrance of the Daleks,"""Part Three""",Andrew Morgan,Ben Aaronovitch,19 October 1988,7H,5.1,70.0
148.0,Remembrance of the Daleks,"""Part Four""",Andrew Morgan,Ben Aaronovitch,26 October 1988,7H,5.0,72.0
149.0,The Happiness Patrol,"""Part One""",Chris Clough,Graeme Curry,2 November 1988,7L,5.3,67.0
149.0,The Happiness Patrol,"""Part Two""",Chris Clough,Graeme Curry,9 November 1988,7L,4.6,65.0
149.0,The Happiness Patrol,"""Part Three""",Chris Clough,Graeme Curry,16 November 1988,7L,5.3,65.0
150.0,Silver Nemesis,"""Part One""",Chris Clough,Kevin Clarke,23 November 1988,7K,6.1,71.0
150.0,Silver Nemesis,"""Part Two""",Chris Clough,Kevin Clarke,30 November 1988[a],7K,5.2,70.0
150.0,Silver Nemesis,"""Part Three""",Chris Clough,Kevin Clarke,7 December 1988[a],7K,5.2,70.0
151.0,The Greatest Show in the Galaxy,"""Part One""",Alan Wareing,Stephen Wyatt,14 December 1988,7J,5.0,68.0
151.0,The Greatest Show in the Galaxy,"""Part Two""",Alan Wareing,Stephen Wyatt,21 December 1988,7J,5.3,66.0
151.0,The Greatest Show in the Galaxy,"""Part Three""",Alan Wareing,Stephen Wyatt,28 December 1988,7J,4.8,69.0
151.0,The Greatest Show in the Galaxy,"""Part Four""",Alan Wareing,Stephen Wyatt,4 January 1989,7J,6.6,64.0
152.0,Battlefield,"""Part One""",Michael Kerrigan,Ben Aaronovitch,6 September 1989,7N,3.1,69.0
152.0,Battlefield,"""Part Two""",Michael Kerrigan,Ben Aaronovitch,13 September 1989,7N,3.9,68.0
152.0,Battlefield,"""Part Three""",Michael Kerrigan,Ben Aaronovitch,20 September 1989,7N,3.6,67.0
152.0,Battlefield,"""Part Four""",Michael Kerrigan,Ben Aaronovitch,27 September 1989,7N,4.0,65.0
153.0,Ghost Light,"""Part One""",Alan Wareing,Marc Platt,4 October 1989,7Q,4.2,68.0
153.0,Ghost Light,"""Part Two""",Alan Wareing,Marc Platt,11 October 1989,7Q,4.0,68.0
153.0,Ghost Light,"""Part Three""",Alan Wareing,Marc Platt,18 October 1989,7Q,4.0,64.0
154.0,The Curse of Fenric,"""Part One""",Nicholas Mallett,Ian Briggs,25 October 1989,7M,4.3,67.0
154.0,The Curse of Fenric,"""Part Two""",Nicholas Mallett,Ian Briggs,1 November 1989,7M,4.0,68.0
154.0,The Curse of Fenric,"""Part Three""",Nicholas Mallett,Ian Briggs,8 November 1989,7M,4.0,68.0
154.0,The Curse of Fenric,"""Part Four""",Nicholas Mallett,Ian Briggs,15 November 1989,7M,4.2,68.0
155.0,Survival,"""Part One""",Alan Wareing,Rona Munro,22 November 1989,7P,5.0,69.0
155.0,Survival,"""Part Two""",Alan Wareing,Rona Munro,29 November 1989,7P,4.8,69.0
155.0,Survival,"""Part Three""",Alan Wareing,Rona Munro,6 December 1989,7P,5.0,71.0
156,,,Geoffrey Sax,Matthew Jacobs,12 May 199614 May 1996 (USA)27 May 1996 (UK),TVM,9.08,75
