story_num,story_title,episode_title,director,writer,orig_uk_airdate,production_code,uk_viewers_millions,ai
1.0,An Unearthly Child,An Unearthly Child,Waris Hussein,Anthony Coburn and C. E. Webber (uncredited),1963-11-23,A,4.4,63.0
1.0,An Unearthly Child,The Cave of Skulls,Waris Hussein,Anthony Coburn,1963-11-30,A,5.9,59.0
1.0,An Unearthly Child,The Forest of Fear,Waris Hussein,Anthony Coburn,1963-12-07,A,6.9,56.0
1.0,An Unearthly Child,The Firemaker,Waris Hussein,Anthony Coburn,1963-12-14,A,6.4,55.0
2.0,The Daleks,The Dead Planet,Christopher Barry,Terry Nation,1963-12-21,B,6.9,59.0
2.0,The Daleks,The Survivors,Christopher Barry,Terry Nation,1963-12-28,B,6.4,58.0
2.0,The Daleks,The Escape,Richard Martin,Terry Nation,1964-01-04,B,8.9,63.0
2.0,The Daleks,The Ambush,Christopher Barry,Terry Nation,1964-01-11,B,9.9,63.0
2.0,The Daleks,The Expedition,Christopher Barry,Terry Nation,1964-01-18,B,9.9,63.0
2.0,The Daleks,The Ordeal,Richard Martin,Terry Nation,1964-01-25,B,10.4,63.0
2.0,The Daleks,The Rescue,Richard Martin,Terry Nation,1964-02-01,B,10.4,65.0
3.0,The Edge of Destruction,The Edge of Destruction,Richard Martin,David Whitaker,1964-02-08,C,10.4,61.0
3.0,The Edge of Destruction,The Brink of Disaster,Frank Cox,David Whitaker,1964-02-15,C,9.9,60.0
4.0,Marco Polo,The Roof of the World,Waris Hussein,John Lucarotti,1964-02-22,D,9.4,63.0
4.0,Marco Polo,The Singing Sands,Waris Hussein,John Lucarotti,1964-02-29,D,9.4,62.0
4.0,Marco Polo,Five Hundred Eyes,Waris Hussein,John Lucarotti,1964-03-07,D,9.4,62.0
4.0,Marco Polo,The Wall of Lies,John Crockett,John Lucarotti,1964-03-14,D,9.9,60.0
4.0,Marco Polo,Rider from Shang-Tu,Waris Hussein,John Lucarotti,1964-03-21,D,9.4,59.0
4.0,Marco Polo,Mighty Kublai Khan,Waris Hussein,John Lucarotti,1964-03-28,D,8.4,59.0
4.0,Marco Polo,Assassin at Peking,Waris Hussein,John Lucarotti,1964-04-04,D,10.4,59.0
5.0,The Keys of Marinus,The Sea of Death,John Gorrie,Terry Nation,1964-04-11,E,9.9,62.0
5.0,The Keys of Marinus,The Velvet Web,John Gorrie,Terry Nation,1964-04-18,E,9.4,60.0
5.0,The Keys of Marinus,The Screaming Jungle,John Gorrie,Terry Nation,1964-04-25,E,9.9,61.0
5.0,The Keys of Marinus,The Snows of Terror,John Gorrie,Terry Nation,1964-05-02,E,10.4,60.0
5.0,The Keys of Marinus,Sentence of Death,John Gorrie,Terry Nation,1964-05-09,E,7.9,61.0
5.0,The Keys of Marinus,The Keys of Marinus,John Gorrie,Terry Nation,1964-05-16,E,6.9,63.0
6.0,The Aztecs,The Temple of Evil,John Crockett,John Lucarotti,1964-05-23,F,7.4,62.0
6.0,The Aztecs,The Warriors of Death,John Crockett,John Lucarotti,1964-05-30,F,7.4,62.0
6.0,The Aztecs,The Bride of Sacrifice,John Crockett,John Lucarotti,1964-06-06,F,7.9,57.0
6.0,The Aztecs,The Day of Darkness,John Crockett,John Lucarotti,1964-06-13,F,7.4,58.0
7.0,The Sensorites,Strangers in Space,Mervyn Pinfield,Peter R. Newman,1964-06-20,G,7.9,59.0
7.0,The Sensorites,The Unwilling Warriors,Mervyn Pinfield,Peter R. Newman,1964-06-27,G,6.9,59.0
7.0,The Sensorites,Hidden Danger,Mervyn Pinfield,Peter R. Newman,1964-07-11,G,7.4,56.0
7.0,The Sensorites,A Race Against Death,Mervyn Pinfield,Peter R. Newman,1964-07-18,G,5.5,60.0
7.0,The Sensorites,Kidnap,Frank Cox,Peter R. Newman,1964-07-25,G,6.9,57.0
7.0,The Sensorites,A Desperate Venture,Frank Cox,Peter R. Newman,1964-08-01,G,6.9,57.0
8.0,The Reign of Terror,A Land of Fear,Henric Hirsch,Dennis Spooner,1964-08-08,H,6.9,58.0
8.0,The Reign of Terror,Guests of Madame Guillotine,Henric Hirsch,Dennis Spooner,1964-08-15,H,6.9,54.0
8.0,The Reign of Terror,A Change of Identity,Henric Hirsch,Dennis Spooner,1964-08-22,H,6.9,55.0
8.0,The Reign of Terror,The Tyrant of France,Henric Hirsch,Dennis Spooner,1964-08-29,H,6.4,53.0
8.0,The Reign of Terror,A Bargain of Necessity,Henric Hirsch,Dennis Spooner,1964-09-05,H,6.9,53.0
8.0,The Reign of Terror,Prisoners of Conciergerie,Henric Hirsch,Dennis Spooner,1964-09-12,H,6.4,55.0
9.0,Planet of Giants,Planet of Giants,Mervyn Pinfield,Louis Marks,1964-10-31,J,8.4,57.0
9.0,Planet of Giants,Dangerous Journey,Mervyn Pinfield,Louis Marks,1964-11-07,J,8.4,58.0
9.0,Planet of Giants,Crisis,Douglas Camfield,Louis Marks,1964-11-14,J,8.9,59.0
10.0,The Dalek Invasion of Earth,World's End,Richard Martin,Terry Nation,1964-11-21,K,11.4,63.0
10.0,The Dalek Invasion of Earth,The Daleks,Richard Martin,Terry Nation,1964-11-28,K,12.4,59.0
10.0,The Dalek Invasion of Earth,Day of Reckoning,Richard Martin,Terry Nation,1964-12-05,K,11.9,59.0
10.0,The Dalek Invasion of Earth,The End of Tomorrow,Richard Martin,Terry Nation,1964-12-12,K,11.9,59.0
10.0,The Dalek Invasion of Earth,The Waking Ally,Richard Martin,Terry Nation,1964-12-19,K,11.4,58.0
10.0,The Dalek Invasion of Earth,Flashpoint,Richard Martin,Terry Nation,1964-12-26,K,12.4,63.0
11.0,The Rescue,The Powerful Enemy,Christopher Barry,David Whitaker,1965-01-02,L,12.0,57.0
11.0,The Rescue,Desperate Measures,Christopher Barry,David Whitaker,1965-01-09,L,13.0,59.0
12.0,The Romans,The Slave Traders,Christopher Barry,Dennis Spooner,1965-01-16,M,13.0,53.0
12.0,The Romans,All Roads Lead to Rome,Christopher Barry,Dennis Spooner,1965-01-23,M,11.5,51.0
12.0,The Romans,Conspiracy,Christopher Barry,Dennis Spooner,1965-01-30,M,10.0,50.0
12.0,The Romans,Inferno,Christopher Barry,Dennis Spooner,1965-02-06,M,12.0,50.0
13.0,The Web Planet,The Web Planet,Richard Martin,Bill Strutton,1965-02-13,N,13.5,56.0
13.0,The Web Planet,The Zarbi,Richard Martin,Bill Strutton,1965-02-20,N,12.5,53.0
13.0,The Web Planet,Escape to Danger,Richard Martin,Bill Strutton,1965-02-27,N,12.5,53.0
13.0,The Web Planet,Crater of Needles,Richard Martin,Bill Strutton,1965-03-06,N,13.0,49.0
13.0,The Web Planet,Invasion,Richard Martin,Bill Strutton,1965-03-13,N,12.0,48.0
13.0,The Web Planet,The Centre,Richard Martin,Bill Strutton,1965-03-20,N,11.5,42.0
14.0,The Crusade,The Lion,Douglas Camfield,David Whitaker,1965-03-27,P,10.5,51.0
14.0,The Crusade,The Knight of Jaffa,Douglas Camfield,David Whitaker,1965-04-03,P,8.5,50.0
14.0,The Crusade,The Wheel of Fortune,Douglas Camfield,David Whitaker,1965-04-10,P,9.0,49.0
14.0,The Crusade,The Warlords,Douglas Camfield,David Whitaker,1965-04-17,P,9.5,48.0
15.0,The Space Museum,The Space Museum,Mervyn Pinfield,Glyn Jones,1965-04-24,Q,10.5,61.0
15.0,The Space Museum,The Dimensions of Time,Mervyn Pinfield,Glyn Jones,1965-05-01,Q,9.2,53.0
15.0,The Space Museum,The Search,Mervyn Pinfield,Glyn Jones,1965-05-08,Q,8.5,56.0
15.0,The Space Museum,The Final Phase,Mervyn Pinfield,Glyn Jones,1965-05-15,Q,8.5,49.0
16.0,The Chase,The Executioners,Richard Martin,Terry Nation,1965-05-22,R,10.0,57.0
16.0,The Chase,The Death of Time,Richard Martin,Terry Nation,1965-05-29,R,9.5,56.0
16.0,The Chase,Flight Through Eternity,Richard Martin,Terry Nation,1965-06-05,R,9.0,55.0
16.0,The Chase,Journey into Terror,Richard Martin,Terry Nation,1965-06-12,R,9.5,54.0
16.0,The Chase,The Death of Doctor Who,Richard Martin,Terry Nation,1965-06-19,R,9.0,56.0
16.0,The Chase,The Planet of Decision,Richard Martin and Douglas Camfield (uncredited),Terry Nation,1965-06-26,R,9.5,57.0
17.0,The Time Meddler,The Watcher,Douglas Camfield,Dennis Spooner,1965-07-03,S,8.9,57.0
17.0,The Time Meddler,The Meddling Monk,Douglas Camfield,Dennis Spooner,1965-07-10,S,8.8,49.0
17.0,The Time Meddler,A Battle of Wits,Douglas Camfield,Dennis Spooner,1965-07-17,S,7.7,53.0
17.0,The Time Meddler,Checkmate,Douglas Camfield,Dennis Spooner,1965-07-24,S,8.3,54.0
18.0,Galaxy 4,Four Hundred Dawns,Derek Martinus,William Emms,1965-09-11,T,9.0,56.0
18.0,Galaxy 4,Trap of Steel,Derek Martinus,William Emms,1965-09-18,T,9.5,55.0
18.0,Galaxy 4,Air Lock,Derek Martinus,William Emms,1965-09-25,T,11.3,54.0
18.0,Galaxy 4,The Exploding Planet,Derek Martinus,William Emms,1965-10-02,T,9.9,53.0
19.0,Mission to the Unknown,,Derek Martinus,Terry Nation,1965-10-09,T/A,8.3,54.0
20.0,The Myth Makers,Temple of Secrets,Michael Leeston-Smith,Donald Cotton,1965-10-16,U,8.3,48.0
20.0,The Myth Makers,"Small Prophet, Quick Return",Michael Leeston-Smith,Donald Cotton,1965-10-23,U,8.1,51.0
20.0,The Myth Makers,Death of a Spy,Michael Leeston-Smith,Donald Cotton,1965-10-30,U,8.7,49.0
20.0,The Myth Makers,Horse of Destruction,Michael Leeston-Smith,Donald Cotton,1965-11-06,U,8.3,52.0
21.0,The Daleks' Master Plan,The Nightmare Begins,Douglas Camfield,Terry Nation,1965-11-13,V,9.1,54.0
21.0,The Daleks' Master Plan,Day of Armageddon,Douglas Camfield,Terry Nation,1965-11-20,V,9.8,52.0
21.0,The Daleks' Master Plan,Devil's Planet,Douglas Camfield,Terry Nation,1965-11-27,V,10.3,52.0
21.0,The Daleks' Master Plan,The Traitors,Douglas Camfield,Terry Nation,1965-12-04,V,9.5,51.0
21.0,The Daleks' Master Plan,Counter Plot,Douglas Camfield,Terry Nation,1965-12-11,V,9.9,53.0
21.0,The Daleks' Master Plan,Coronas of the Sun,Douglas Camfield,Dennis Spooner,1965-12-18,V,9.1,56.0
21.0,The Daleks' Master Plan,The Feast of Steven,Douglas Camfield,Terry Nation,1965-12-25,V,7.9,39.0
21.0,The Daleks' Master Plan,Volcano,Douglas Camfield,Dennis Spooner,1966-01-01,V,9.6,49.0
21.0,The Daleks' Master Plan,Golden Death,Douglas Camfield,Dennis Spooner,1966-01-08,V,9.2,52.0
21.0,The Daleks' Master Plan,Escape Switch,Douglas Camfield,Dennis Spooner,1966-01-15,V,9.5,50.0
21.0,The Daleks' Master Plan,The Abandoned Planet,Douglas Camfield,Dennis Spooner,1966-01-22,V,9.8,49.0
21.0,The Daleks' Master Plan,Destruction of Time,Douglas Camfield,Dennis Spooner,1966-01-29,V,8.6,57.0
22.0,The Massacre of St Bartholomew's Eve,War of God,Paddy Russell,John Lucarotti,1966-02-05,W,8.0,52.0
22.0,The Massacre of St Bartholomew's Eve,The Sea Beggar,Paddy Russell,John Lucarotti,1966-02-12,W,6.0,52.0
22.0,The Massacre of St Bartholomew's Eve,Priest of Death,Paddy Russell,John Lucarotti,1966-02-19,W,5.9,49.0
22.0,The Massacre of St Bartholomew's Eve,Bell of Doom,Paddy Russell,John Lucarotti and Donald Tosh,1966-02-26,W,5.8,53.0
23.0,The Ark,The Steel Sky,Michael Imison,Paul Erickson and Lesley Scott,1966-03-05,X,5.5,55.0
23.0,The Ark,The Plague,Michael Imison,Paul Erickson and Lesley Scott,1966-03-12,X,6.9,56.0
23.0,The Ark,The Return,Michael Imison,Paul Erickson and Lesley Scott,1966-03-19,X,6.2,51.0
23.0,The Ark,The Bomb,Michael Imison,Paul Erickson and Lesley Scott,1966-03-26,X,7.3,50.0
24.0,The Celestial Toymaker,The Celestial Toyroom,Bill Sellars,Brian Hayles and Donald Tosh (uncredited),1966-04-02,Y,8.0,48.0
24.0,The Celestial Toymaker,The Hall of Dolls,Bill Sellars,Brian Hayles and Donald Tosh (uncredited),1966-04-09,Y,8.0,49.0
24.0,The Celestial Toymaker,The Dancing Floor,Bill Sellars,Brian Hayles and Donald Tosh (uncredited),1966-04-16,Y,9.4,44.0
24.0,The Celestial Toymaker,The Final Test,Bill Sellars,Brian Hayles and Donald Tosh (uncredited),1966-04-23,Y,7.8,43.0
25.0,The Gunfighters,A Holiday for the Doctor,Rex Tucker,Donald Cotton,1966-04-30,Z,6.5,45.0
25.0,The Gunfighters,Don't Shoot the Pianist,Rex Tucker,Donald Cotton,1966-05-07,Z,6.6,39.0
25.0,The Gunfighters,Johnny Ringo,Rex Tucker,Donald Cotton,1966-05-14,Z,6.2,36.0
25.0,The Gunfighters,The O.K. Corral,Rex Tucker,Donald Cotton,1966-05-21,Z,5.7,30.0
26.0,The Savages,Episode 1,Christopher Barry,Ian Stuart Black,1966-05-28,AA,4.8,48.0
26.0,The Savages,Episode 2,Christopher Barry,Ian Stuart Black,1966-06-04,AA,5.6,49.0
26.0,The Savages,Episode 3,Christopher Barry,Ian Stuart Black,1966-06-11,AA,5.0,48.0
26.0,The Savages,Episode 4,Christopher Barry,Ian Stuart Black,1966-06-18,AA,4.5,48.0
27.0,The War Machines,Episode 1,Michael Ferguson,Ian Stuart Black,1966-06-25,BB,5.4,49.0
27.0,The War Machines,Episode 2,Michael Ferguson,Ian Stuart Black,1966-07-02,BB,4.7,45.0
27.0,The War Machines,Episode 3,Michael Ferguson,Ian Stuart Black,1966-07-09,BB,5.3,44.0
27.0,The War Machines,Episode 4,Michael Ferguson,Ian Stuart Black,1966-07-16,BB,5.5,39.0
28.0,The Smugglers,Episode 1,Julia Smith,Brian Hayles,1966-09-10,CC,4.3,47.0
28.0,The Smugglers,Episode 2,Julia Smith,Brian Hayles,1966-09-17,CC,4.9,45.0
28.0,The Smugglers,Episode 3,Julia Smith,Brian Hayles,1966-09-24,CC,4.2,43.0
28.0,The Smugglers,Episode 4,Julia Smith,Brian Hayles,1966-10-01,CC,4.5,43.0
29.0,The Tenth Planet,Episode 1,Derek Martinus,Kit Pedler,1966-10-08,DD,5.5,50.0
29.0,The Tenth Planet,Episode 2,Derek Martinus,Kit Pedler,1966-10-15,DD,6.4,48.0
29.0,The Tenth Planet,Episode 3,Derek Martinus,Kit Pedler and Gerry Davis,1966-10-22,DD,7.6,48.0
29.0,The Tenth Planet,Episode 4,Derek Martinus,Kit Pedler and Gerry Davis,1966-10-29,DD,7.5,47.0
30.0,The Power of the Daleks,Episode One,Christopher Barry,David Whitaker,1966-11-05,EE,7.9,43.0
30.0,The Power of the Daleks,Episode Two,Christopher Barry,David Whitaker,1966-11-12,EE,7.8,45.0
30.0,The Power of the Daleks,Episode Three,Christopher Barry,David Whitaker,1966-11-19,EE,7.5,44.0
30.0,The Power of the Daleks,Episode Four,Christopher Barry,David Whitaker,1966-11-26,EE,7.8,47.0
30.0,The Power of the Daleks,Episode Five,Christopher Barry,David Whitaker,1966-12-03,EE,8.0,48.0
30.0,The Power of the Daleks,Episode Six,Christopher Barry,David Whitaker,1966-12-10,EE,7.8,47.0
31.0,The Highlanders,Episode 1,Hugh David,Elwyn Jones and Gerry Davis,1966-12-17,FF,6.7,47.0
31.0,The Highlanders,Episode 2,Hugh David,Elwyn Jones and Gerry Davis,1966-12-24,FF,6.8,46.0
31.0,The Highlanders,Episode 3,Hugh David,Elwyn Jones and Gerry Davis,1966-12-31,FF,7.4,47.0
31.0,The Highlanders,Episode 4,Hugh David,Elwyn Jones and Gerry Davis,1967-01-07,FF,7.3,47.0
32.0,The Underwater Menace,Episode 1,Julia Smith,Geoffrey Orme,1967-01-14,GG,8.3,48.0
32.0,The Underwater Menace,Episode 2,Julia Smith,Geoffrey Orme,1967-01-21,GG,7.5,46.0
32.0,The Underwater Menace,Episode 3,Julia Smith,Geoffrey Orme,1967-01-28,GG,7.1,45.0
32.0,The Underwater Menace,Episode 4,Julia Smith,Geoffrey Orme,1967-02-04,GG,7.0,47.0
33.0,The Moonbase,Episode 1,Morris Barry,Kit Pedler,1967-02-11,HH,8.1,50.0
33.0,The Moonbase,Episode 2,Morris Barry,Kit Pedler,1967-02-18,HH,8.9,49.0
33.0,The Moonbase,Episode 3,Morris Barry,Kit Pedler,1967-02-25,HH,8.2,53.0
33.0,The Moonbase,Episode 4,Morris Barry,Kit Pedler,1967-03-04,HH,8.1,58.0
34.0,The Macra Terror,Episode 1,John Davies,Ian Stuart Black,1967-03-11,JJ,8.0,50.0
34.0,The Macra Terror,Episode 2,John Davies,Ian Stuart Black,1967-03-18,JJ,7.9,48.0
34.0,The Macra Terror,Episode 3,John Davies,Ian Stuart Black,1967-03-25,JJ,8.5,52.0
34.0,The Macra Terror,Episode 4,John Davies,Ian Stuart Black,1967-04-01,JJ,8.4,49.0
35.0,The Faceless Ones,Episode 1,Gerry Mill,David Ellis and Malcolm Hulke,1967-04-08,KK,8.0,51.0
35.0,The Faceless Ones,Episode 2,Gerry Mill,David Ellis and Malcolm Hulke,1967-04-15,KK,6.4,50.0
35.0,The Faceless Ones,Episode 3,Gerry Mill,David Ellis and Malcolm Hulke,1967-04-22,KK,7.9,53.0
35.0,The Faceless Ones,Episode 4,Gerry Mill,David Ellis and Malcolm Hulke,1967-04-29,KK,6.9,55.0
35.0,The Faceless Ones,Episode 5,Gerry Mill,David Ellis and Malcolm Hulke,1967-05-06,KK,7.1,55.0
35.0,The Faceless Ones,Episode 6,Gerry Mill,David Ellis and Malcolm Hulke,1967-05-13,KK,8.0,52.0
36.0,The Evil of the Daleks,Episode 1,Derek Martinus,David Whitaker,1967-05-20,LL,8.1,51.0
36.0,The Evil of the Daleks,Episode 2,Derek Martinus,David Whitaker,1967-05-27,LL,7.5,51.0
36.0,The Evil of the Daleks,Episode 3,Derek Martinus,David Whitaker,1967-06-03,LL,6.1,52.0
36.0,The Evil of the Daleks,Episode 4,Derek Martinus,David Whitaker,1967-06-10,LL,5.3,51.0
36.0,The Evil of the Daleks,Episode 5,Derek Martinus,David Whitaker,1967-06-17,LL,5.1,53.0
36.0,The Evil of the Daleks,Episode 6,Derek Martinus,David Whitaker,1967-06-24,LL,6.8,49.0
36.0,The Evil of the Daleks,Episode 7,Derek Martinus,David Whitaker,1967-07-01,LL,6.1,56.0
37.0,The Tomb of the Cybermen,Episode 1,Morris Barry,Kit Pedler and Gerry Davis,1967-09-02,MM,6.0,53.0
37.0,The Tomb of the Cybermen,Episode 2,Morris Barry,Kit Pedler and Gerry Davis,1967-09-09,MM,6.4,52.0
37.0,The Tomb of the Cybermen,Episode 3,Morris Barry,Kit Pedler and Gerry Davis,1967-09-16,MM,7.2,49.0
37.0,The Tomb of the Cybermen,Episode 4,Morris Barry,Kit Pedler and Gerry Davis,1967-09-23,MM,7.4,50.0
38.0,The Abominable Snowmen,Episode One,Gerald Blake,Mervyn Haisman and Henry Lincoln,1967-09-30,NN,6.3,50.0
38.0,The Abominable Snowmen,Episode Two,Gerald Blake,Mervyn Haisman and Henry Lincoln,1967-10-07,NN,6.0,52.0
38.0,The Abominable Snowmen,Episode Three,Gerald Blake,Mervyn Haisman and Henry Lincoln,1967-10-14,NN,7.1,51.0
38.0,The Abominable Snowmen,Episode Four,Gerald Blake,Mervyn Haisman and Henry Lincoln,1967-10-21,NN,7.1,50.0
38.0,The Abominable Snowmen,Episode Five,Gerald Blake,Mervyn Haisman and Henry Lincoln,1967-10-28,NN,7.2,51.0
38.0,The Abominable Snowmen,Episode Six,Gerald Blake,Mervyn Haisman and Henry Lincoln,1967-11-04,NN,7.4,52.0
39.0,The Ice Warriors,One,Derek Martinus,Brian Hayles,1967-11-11,OO,6.7,52.0
39.0,The Ice Warriors,Two,Derek Martinus,Brian Hayles,1967-11-18,OO,7.1,52.0
39.0,The Ice Warriors,Three,Derek Martinus,Brian Hayles,1967-11-25,OO,7.4,51.0
39.0,The Ice Warriors,Four,Derek Martinus,Brian Hayles,1967-12-02,OO,7.3,51.0
39.0,The Ice Warriors,Five,Derek Martinus,Brian Hayles,1967-12-09,OO,8.0,50.0
39.0,The Ice Warriors,Six,Derek Martinus,Brian Hayles,1967-12-16,OO,7.5,51.0
40.0,The Enemy of the World,Episode 1,Barry Letts,David Whitaker,1967-12-23,PP,6.8,50.0
40.0,The Enemy of the World,Episode 2,Barry Letts,David Whitaker,1967-12-30,PP,7.6,49.0
40.0,The Enemy of the World,Episode 3,Barry Letts,David Whitaker,1968-01-06,PP,7.1,48.0
40.0,The Enemy of the World,Episode 4,Barry Letts,David Whitaker,1968-01-13,PP,7.8,49.0
40.0,The Enemy of the World,Episode 5,Barry Letts,David Whitaker,1968-01-20,PP,6.9,49.0
40.0,The Enemy of the World,Episode 6,Barry Letts,David Whitaker,1968-01-27,PP,8.3,52.0
41.0,The Web of Fear,Episode 1,Douglas Camfield,Mervyn Haisman and Henry Lincoln,1968-02-03,QQ,7.2,54.0
41.0,The Web of Fear,Episode 2,Douglas Camfield,Mervyn Haisman and Henry Lincoln,1968-02-10,QQ,6.8,53.0
41.0,The Web of Fear,Episode 3,Douglas Camfield,Mervyn Haisman and Henry Lincoln,1968-02-17,QQ,7.0,51.0
41.0,The Web of Fear,Episode 4,Douglas Camfield,Mervyn Haisman and Henry Lincoln,1968-02-24,QQ,8.4,53.0
41.0,The Web of Fear,Episode 5,Douglas Camfield,Mervyn Haisman and Henry Lincoln,1968-03-02,QQ,8.0,55.0
41.0,The Web of Fear,Episode 6,Douglas Camfield,Mervyn Haisman and Henry Lincoln,1968-03-09,QQ,8.3,55.0
42.0,Fury from the Deep,Episode 1,Hugh David,Victor Pemberton,1968-03-16,RR,8.2,55.0
42.0,Fury from the Deep,Episode 2,Hugh David,Victor Pemberton,1968-03-23,RR,7.9,55.0
42.0,Fury from the Deep,Episode 3,Hugh David,Victor Pemberton,1968-03-30,RR,7.7,56.0
42.0,Fury from the Deep,Episode 4,Hugh David,Victor Pemberton,1968-04-06,RR,6.6,56.0
42.0,Fury from the Deep,Episode 5,Hugh David,Victor Pemberton,1968-04-13,RR,5.9,56.0
42.0,Fury from the Deep,Episode 6,Hugh David,Victor Pemberton,1968-04-20,RR,6.9,57.0
43.0,The Wheel in Space,Episode 1,Tristan DeVere Cole,David Whitaker and Kit Pedler (story),1968-04-27,SS,7.2,57.0
43.0,The Wheel in Space,Episode 2,Tristan DeVere Cole,David Whitaker and Kit Pedler (story),1968-05-04,SS,6.9,60.0
43.0,The Wheel in Space,Episode 3,Tristan DeVere Cole,David Whitaker and Kit Pedler (story),1968-05-11,SS,7.5,55.0
43.0,The Wheel in Space,Episode 4,Tristan DeVere Cole,David Whitaker and Kit Pedler (story),1968-05-18,SS,8.6,56.0
43.0,The Wheel in Space,Episode 5,Tristan DeVere Cole,David Whitaker and Kit Pedler (story),1968-05-25,SS,6.8,57.0
43.0,The Wheel in Space,Episode 6,Tristan DeVere Cole,David Whitaker and Kit Pedler (story),1968-06-01,SS,6.5,62.0
44.0,The Dominators,Episode 1,Morris Barry,Norman Ashby (Mervyn Haisman and Henry Lincoln),1968-08-10,TT,6.1,52.0
44.0,The Dominators,Episode 2,Morris Barry,Norman Ashby (Mervyn Haisman and Henry Lincoln),1968-08-17,TT,5.9,55.0
44.0,The Dominators,[Episode 3][note 1],Morris Barry,Norman Ashby (Mervyn Haisman and Henry Lincoln),1968-08-24,TT,5.4,55.0
44.0,The Dominators,Episode 4,Morris Barry,Norman Ashby (Mervyn Haisman and Henry Lincoln),1968-08-31,TT,7.5,51.0
44.0,The Dominators,Episode 5,Morris Barry,Norman Ashby (Mervyn Haisman and Henry Lincoln),1968-09-07,TT,5.9,53.0
45.0,The Mind Robber,Episode 1,David Maloney,Derrick Sherwin,1968-09-14,UU,6.6,51.0
45.0,The Mind Robber,Episode 2,David Maloney,Peter Ling,1968-09-21,UU,6.5,49.0
45.0,The Mind Robber,Episode 3,David Maloney,Peter Ling,1968-09-28,UU,7.2,53.0
45.0,The Mind Robber,Episode 4,David Maloney,Peter Ling,1968-10-05,UU,7.3,56.0
45.0,The Mind Robber,Episode 5,David Maloney,Peter Ling,1968-10-12,UU,6.7,49.0
46.0,The Invasion,Episode One,Douglas Camfield,Derrick Sherwin and Kit Pedler (story),1968-11-02,VV,7.3,55.0
46.0,The Invasion,"Episode ""Two",Douglas Camfield,Derrick Sherwin and Kit Pedler (story),1968-11-09,VV,7.1,53.0
46.0,The Invasion,Episode Three,Douglas Camfield,Derrick Sherwin and Kit Pedler (story),1968-11-16,VV,7.1,54.0
46.0,The Invasion,Episode Four,Douglas Camfield,Derrick Sherwin and Kit Pedler (story),1968-11-23,VV,6.4,51.0
46.0,The Invasion,Episode Five,Douglas Camfield,Derrick Sherwin and Kit Pedler (story),1968-11-30,VV,6.7,52.0
46.0,The Invasion,Episode Six,Douglas Camfield,Derrick Sherwin and Kit Pedler (story),1968-12-07,VV,6.5,56.0
46.0,The Invasion,Episode Seven,Douglas Camfield,Derrick Sherwin and Kit Pedler (story),1968-12-14,VV,7.2,55.0
46.0,The Invasion,Episode Eight,Douglas Camfield,Derrick Sherwin and Kit Pedler (story),1968-12-21,VV,7.0,53.0
47.0,The Krotons,Episode One,David Maloney,Robert Holmes,1968-12-28,WW,9.0,59.0
47.0,The Krotons,Episode Two,David Maloney,Robert Holmes,1969-01-04,WW,8.4,57.0
47.0,The Krotons,Episode Three,David Maloney,Robert Holmes,1969-01-11,WW,7.5,56.0
47.0,The Krotons,Episode Four,David Maloney,Robert Holmes,1969-01-18,WW,7.1,55.0
48.0,The Seeds of Death,Episode One,Michael Ferguson,Brian Hayles,1969-01-25,XX,6.6,57.0
48.0,The Seeds of Death,Episode Two,Michael Ferguson,Brian Hayles,1969-02-01,XX,6.8,59.0
48.0,The Seeds of Death,Episode Three,Michael Ferguson,Brian Hayles and Terrance Dicks (uncredited),1969-02-08,XX,7.5,55.0
48.0,The Seeds of Death,Episode Four,Michael Ferguson,Brian Hayles and Terrance Dicks (uncredited),1969-02-15,XX,7.1,55.0
48.0,The Seeds of Death,Episode Five,Michael Ferguson,Brian Hayles and Terrance Dicks (uncredited),1969-02-22,XX,7.6,57.0
48.0,The Seeds of Death,Episode Six,Michael Ferguson,Brian Hayles and Terrance Dicks (uncredited),1969-03-01,XX,7.7,59.0
49.0,The Space Pirates,Episode One,Michael Hart,Robert Holmes,1969-03-08,YY,5.8,57.0
49.0,The Space Pirates,Episode Two,Michael Hart,Robert Holmes,1969-03-15,YY,6.8,52.0
49.0,The Space Pirates,Episode Three,Michael Hart,Robert Holmes,1969-03-22,YY,6.4,55.0
49.0,The Space Pirates,Episode Four,Michael Hart,Robert Holmes,1969-03-29,YY,5.8,53.0
49.0,The Space Pirates,Episode Five,Michael Hart,Robert Holmes,1969-04-05,YY,5.5,56.0
49.0,The Space Pirates,Episode Six,Michael Hart,Robert Holmes,1969-04-12,YY,5.3,52.0
50.0,The War Games,Episode One,David Maloney,Terrance Dicks and Malcolm Hulke,1969-04-19,ZZ,5.5,55.0
50.0,The War Games,Episode Two,David Maloney,Terrance Dicks and Malcolm Hulke,1969-04-26,ZZ,6.3,54.0
50.0,The War Games,Episode Three,David Maloney,Terrance Dicks and Malcolm Hulke,1969-05-03,ZZ,5.1,53.0
50.0,The War Games,Episode Four,David Maloney,Terrance Dicks and Malcolm Hulke,1969-05-10,ZZ,5.7,50.0
50.0,The War Games,Episode Five,David Maloney,Terrance Dicks and Malcolm Hulke,1969-05-17,ZZ,5.1,53.0
50.0,The War Games,Episode Six,David Maloney,Terrance Dicks and Malcolm Hulke,1969-05-24,ZZ,4.2,53.0
50.0,The War Games,Episode Seven,David Maloney,Terrance Dicks and Malcolm Hulke,1969-05-31,ZZ,4.9,53.0
50.0,The War Games,Episode Eight,David Maloney,Terrance Dicks and Malcolm Hulke,1969-06-07,ZZ,3.5,53.0
50.0,The War Games,Episode Nine,David Maloney,Terrance Dicks and Malcolm Hulke,1969-06-14,ZZ,4.1,57.0
50.0,The War Games,Episode Ten,David Maloney,Terrance Dicks and Malcolm Hulke,1969-06-21,ZZ,5.0,58.0
51.0,Spearhead from Space,Episode 1,Derek Martinus,Robert Holmes,1970-01-03,AAA,8.4,54
51.0,Spearhead from Space,Episode 2,Derek Martinus,Robert Holmes,1970-01-10,AAA,8.1,—
51.0,Spearhead from Space,Episode 3,Derek Martinus,Robert Holmes,1970-01-17,AAA,8.3,—
51.0,Spearhead from Space,Episode 4,Derek Martinus,Robert Holmes,1970-01-24,AAA,8.1,57
52.0,Doctor Who and the Silurians,Episode 1,Timothy Combe,Malcolm Hulke,1970-01-31,BBB,8.8,58
52.0,Doctor Who and the Silurians,Episode 2,Timothy Combe,Malcolm Hulke,1970-02-07,BBB,7.3,58
52.0,Doctor Who and the Silurians,Episode 3,Timothy Combe,Malcolm Hulke,1970-02-14,BBB,7.5,57
52.0,Doctor Who and the Silurians,Episode 4,Timothy Combe,Malcolm Hulke,1970-02-21,BBB,8.2,60
52.0,Doctor Who and the Silurians,Episode 5,Timothy Combe,Malcolm Hulke,1970-02-28,BBB,7.5,58
52.0,Doctor Who and the Silurians,Episode 6,Timothy Combe,Malcolm Hulke,1970-03-07,BBB,7.2,57
52.0,Doctor Who and the Silurians,Episode 7,Timothy Combe,Malcolm Hulke,1970-03-14,BBB,7.5,58
53.0,The Ambassadors of Death,Episode 1,Michael Ferguson,David Whitaker and Trevor Ray (uncredited),1970-03-21,CCC,7.1,60
53.0,The Ambassadors of Death,Episode 2,Michael Ferguson,"David Whitaker, Malcolm Hulke (uncredited), and Terrance Dicks (uncredited)",1970-03-28,CCC,7.6,61
53.0,The Ambassadors of Death,Episode 3,Michael Ferguson,"David Whitaker, Malcolm Hulke (uncredited), and Terrance Dicks (uncredited)",1970-04-04,CCC,8.0,59
53.0,The Ambassadors of Death,Episode 4,Michael Ferguson,"David Whitaker, Malcolm Hulke (uncredited), and Terrance Dicks (uncredited)",1970-04-11,CCC,9.3,58
53.0,The Ambassadors of Death,Episode 5,Michael Ferguson,"David Whitaker, Malcolm Hulke (uncredited), and Terrance Dicks (uncredited)",1970-04-18,CCC,7.1,—
53.0,The Ambassadors of Death,Episode 6,Michael Ferguson,"David Whitaker, Malcolm Hulke (uncredited), and Terrance Dicks (uncredited)",1970-04-25,CCC,6.9,61
53.0,The Ambassadors of Death,Episode 7,Michael Ferguson,"David Whitaker, Malcolm Hulke (uncredited), and Terrance Dicks (uncredited)",1970-05-02,CCC,6.4,62
54.0,Inferno,Episode 1,Douglas Camfield,Don Houghton,1970-05-09,DDD,5.7,61
54.0,Inferno,Episode 2,Douglas Camfield,Don Houghton,1970-05-16,DDD,5.9,61
54.0,Inferno,Episode 3,Douglas Camfield and Barry Letts (uncredited),Don Houghton,1970-05-23,DDD,4.8,60
54.0,Inferno,Episode 4,Douglas Camfield and Barry Letts (uncredited),Don Houghton,1970-05-30,DDD,6.0,60
54.0,Inferno,Episode 5,Douglas Camfield and Barry Letts (uncredited),Don Houghton,1970-06-06,DDD,5.4,—
54.0,Inferno,Episode 6,Douglas Camfield and Barry Letts (uncredited),Don Houghton,1970-06-13,DDD,6.7,58
54.0,Inferno,Episode 7,Douglas Camfield and Barry Letts (uncredited),Don Houghton,1970-06-20,DDD,5.5,60
55.0,Terror of the Autons,Episode One,Barry Letts,Robert Holmes,1971-01-02,EEE,7.3,—
55.0,Terror of the Autons,Episode Two,Barry Letts,Robert Holmes,1971-01-09,EEE,8.0,—
55.0,Terror of the Autons,Episode Three,Barry Letts,Robert Holmes,1971-01-16,EEE,8.1,—
55.0,Terror of the Autons,Episode Four,Barry Letts,Robert Holmes,1971-01-23,EEE,8.4,—
56.0,The Mind of Evil,Episode One,Timothy Combe,Don Houghton,1971-01-30,FFF,6.1,—
56.0,The Mind of Evil,Episode Two,Timothy Combe,Don Houghton,1971-02-06,FFF,8.8,—
56.0,The Mind of Evil,Episode Three,Timothy Combe,Don Houghton,1971-02-13,FFF,7.5,—
56.0,The Mind of Evil,Episode Four,Timothy Combe,Don Houghton,1971-02-20,FFF,7.4,—
56.0,The Mind of Evil,Episode Five,Timothy Combe,Don Houghton,1971-02-27,FFF,7.6,—
56.0,The Mind of Evil,Episode Six,Timothy Combe,Don Houghton,1971-03-06,FFF,7.3,—
57.0,The Claws of Axos,Episode One,Michael Ferguson,Bob Baker and Dave Martin,1971-03-13,GGG,7.3,—
57.0,The Claws of Axos,Episode Two,Michael Ferguson,Bob Baker and Dave Martin,1971-03-20,GGG,8.0,—
57.0,The Claws of Axos,Episode Three,Michael Ferguson,Bob Baker and Dave Martin,1971-03-27,GGG,6.4,—
57.0,The Claws of Axos,Episode Four,Michael Ferguson,Bob Baker and Dave Martin,1971-04-03,GGG,7.8,—
58.0,Colony in Space,Episode One,Michael E. Briant,Malcolm Hulke,1971-04-10,HHH,7.6,—
58.0,Colony in Space,Episode Two,Michael E. Briant,Malcolm Hulke,1971-04-17,HHH,8.5,—
58.0,Colony in Space,Episode Three,Michael E. Briant,Malcolm Hulke,1971-04-24,HHH,9.5,—
58.0,Colony in Space,Episode Four,Michael E. Briant,Malcolm Hulke,1971-05-01,HHH,8.1,—
58.0,Colony in Space,Episode Five,Michael E. Briant,Malcolm Hulke,1971-05-08,HHH,8.8,—
58.0,Colony in Space,Episode Six,Michael E. Briant,Malcolm Hulke,1971-05-15,HHH,8.7,—
59.0,The Dæmons,Episode One,Christopher Barry,Guy Leopold (Robert Sloman and Barry Letts),1971-05-22,JJJ,9.2,—
59.0,The Dæmons,Episode Two,Christopher Barry,Guy Leopold (Robert Sloman and Barry Letts),1971-05-29,JJJ,8.0,—
59.0,The Dæmons,Episode Three,Christopher Barry,Guy Leopold (Robert Sloman and Barry Letts),1971-06-05,JJJ,8.1,—
59.0,The Dæmons,Episode Four,Christopher Barry,Guy Leopold (Robert Sloman and Barry Letts),1971-06-12,JJJ,8.1,—
59.0,The Dæmons,Episode Five,Christopher Barry,Guy Leopold (Robert Sloman and Barry Letts),1971-06-19,JJJ,8.3,—
60.0,Day of the Daleks,Episode One,Paul Bernard,Louis Marks,1972-01-01,KKK,9.8,—
60.0,Day of the Daleks,Episode Two,Paul Bernard,Louis Marks,1972-01-08,KKK,10.4,—
60.0,Day of the Daleks,Episode Three,Paul Bernard,Louis Marks,1972-01-15,KKK,9.1,—
60.0,Day of the Daleks,Episode Four,Paul Bernard,Louis Marks,1972-01-22,KKK,9.1,—
61.0,The Curse of Peladon,Episode One,Lennie Mayne,Brian Hayles,1972-01-29,MMM,10.3,—
61.0,The Curse of Peladon,Episode Two,Lennie Mayne,Brian Hayles,1972-02-05,MMM,11.0,—
61.0,The Curse of Peladon,Episode Three,Lennie Mayne,Brian Hayles,1972-02-12,MMM,7.8,—
61.0,The Curse of Peladon,Episode Four,Lennie Mayne,Brian Hayles,1972-02-19,MMM,8.4,—
62.0,The Sea Devils,Episode One,Michael E. Briant,Malcolm Hulke,1972-02-26,LLL,6.4,—
62.0,The Sea Devils,Episode Two,Michael E. Briant,Malcolm Hulke,1972-03-04,LLL,9.7,—
62.0,The Sea Devils,Episode Three,Michael E. Briant,Malcolm Hulke,1972-03-11,LLL,8.3,—
62.0,The Sea Devils,Episode Four,Michael E. Briant,Malcolm Hulke,1972-03-18,LLL,7.8,—
62.0,The Sea Devils,Episode Five,Michael E. Briant,Malcolm Hulke,1972-03-25,LLL,8.3,—
62.0,The Sea Devils,Episode Six,Michael E. Briant,Malcolm Hulke,1972-04-01,LLL,8.5,—
63.0,The Mutants,Episode One,Christopher Barry,Bob Baker and Dave Martin,1972-04-08,NNN,9.1,—
63.0,The Mutants,Episode Two,Christopher Barry,Bob Baker and Dave Martin,1972-04-15,NNN,7.8,—
63.0,The Mutants,Episode Three,Christopher Barry,Bob Baker and Dave Martin,1972-04-22,NNN,7.9,—
63.0,The Mutants,Episode Four,Christopher Barry,Bob Baker and Dave Martin,1972-04-29,NNN,7.5,—
63.0,The Mutants,Episode Five,Christopher Barry,Bob Baker and Dave Martin,1972-05-06,NNN,7.9,—
63.0,The Mutants,Episode Six,Christopher Barry,Bob Baker and Dave Martin,1972-05-13,NNN,6.5,—
64.0,The Time Monster,Episode One,Paul Bernard,Robert Sloman and Barry Letts (uncredited),1972-05-20,OOO,7.6,—
64.0,The Time Monster,Episode Two,Paul Bernard,Robert Sloman and Barry Letts (uncredited),1972-05-27,OOO,7.4,—
64.0,The Time Monster,Episode Three,Paul Bernard,Robert Sloman and Barry Letts (uncredited),1972-06-03,OOO,8.1,—
64.0,The Time Monster,Episode Four,Paul Bernard,Robert Sloman and Barry Letts (uncredited),1972-06-10,OOO,7.6,—
64.0,The Time Monster,Episode Five,Paul Bernard,Robert Sloman and Barry Letts (uncredited),1972-06-17,OOO,6.0,—
64.0,The Time Monster,Episode Six,Paul Bernard,Robert Sloman and Barry Letts (uncredited),1972-06-24,OOO,7.6,—
65.0,The Three Doctors,Episode One,Lennie Mayne,Bob Baker and Dave Martin,1972-12-30,RRR,9.6,—
65.0,The Three Doctors,Episode Two,Lennie Mayne,Bob Baker and Dave Martin,1973-01-06,RRR,10.8,—
65.0,The Three Doctors,Episode Three,Lennie Mayne,Bob Baker and Dave Martin,1973-01-13,RRR,8.8,—
65.0,The Three Doctors,Episode Four,Lennie Mayne,Bob Baker and Dave Martin,1973-01-20,RRR,11.9,—
66.0,Carnival of Monsters,Episode One,Barry Letts,Robert Holmes,1973-01-27,PPP,9.5,—
66.0,Carnival of Monsters,Episode Two,Barry Letts,Robert Holmes,1973-02-03,PPP,9.0,—
66.0,Carnival of Monsters,Episode Three,Barry Letts,Robert Holmes,1973-02-10,PPP,9.0,—
66.0,Carnival of Monsters,Episode Four,Barry Letts,Robert Holmes,1973-02-17,PPP,9.2,—
67.0,Frontier in Space,Episode One,Paul Bernard,Malcolm Hulke,1973-02-24,QQQ,9.1,—
67.0,Frontier in Space,Episode Two,Paul Bernard,Malcolm Hulke,1973-03-03,QQQ,7.8,—
67.0,Frontier in Space,Episode Three,Paul Bernard,Malcolm Hulke,1973-03-10,QQQ,7.5,—
67.0,Frontier in Space,Episode Four,Paul Bernard,Malcolm Hulke,1973-03-17,QQQ,7.1,—
67.0,Frontier in Space,Episode Five,Paul Bernard,Malcolm Hulke,1973-03-24,QQQ,7.7,—
67.0,Frontier in Space,Episode Six,Paul Bernard,Malcolm Hulke,1973-03-31,QQQ,8.9,—
68.0,Planet of the Daleks,Episode One,David Maloney,Terry Nation,1973-04-07,SSS,11.0,—
68.0,Planet of the Daleks,Episode Two,David Maloney,Terry Nation,1973-04-14,SSS,10.7,—
68.0,Planet of the Daleks,Episode Three,David Maloney,Terry Nation,1973-04-21,SSS,10.1,—
68.0,Planet of the Daleks,Episode Four,David Maloney,Terry Nation,1973-04-28,SSS,8.3,—
68.0,Planet of the Daleks,Episode Five,David Maloney,Terry Nation,1973-05-05,SSS,9.7,—
68.0,Planet of the Daleks,Episode Six,David Maloney,Terry Nation,1973-05-12,SSS,8.5,—
69.0,The Green Death,Episode One,Michael E. Briant,Robert Sloman and Barry Letts (uncredited),1973-05-19,TTT,9.2,—
69.0,The Green Death,Episode Two,Michael E. Briant,Robert Sloman and Barry Letts (uncredited),1973-05-26,TTT,7.2,—
69.0,The Green Death,Episode Three,Michael E. Briant,Robert Sloman and Barry Letts (uncredited),1973-06-02,TTT,7.8,—
69.0,The Green Death,Episode Four,Michael E. Briant,Robert Sloman and Barry Letts (uncredited),1973-06-09,TTT,6.8,—
69.0,The Green Death,Episode Five,Michael E. Briant,Robert Sloman and Barry Letts (uncredited),1973-06-16,TTT,8.3,—
69.0,The Green Death,Episode Six,Michael E. Briant,Robert Sloman and Barry Letts (uncredited),1973-06-23,TTT,7.0,—
70.0,The Time Warrior,Part One,Alan Bromly,Robert Holmes,1973-12-15,UUU,8.7,59
70.0,The Time Warrior,Part Two,Alan Bromly,Robert Holmes,1973-12-22,UUU,7.0,—
70.0,The Time Warrior,Part Three,Alan Bromly,Robert Holmes,1973-12-29,UUU,6.6,—
70.0,The Time Warrior,Part Four,Alan Bromly,Robert Holmes,1974-01-05,UUU,10.6,60
71.0,Invasion of the Dinosaurs,Part One,Paddy Russell,Malcolm Hulke,1974-01-12,WWW,11.0,62
71.0,Invasion of the Dinosaurs,Part Two,Paddy Russell,Malcolm Hulke,1974-01-19,WWW,10.1,—
71.0,Invasion of the Dinosaurs,Part Three,Paddy Russell,Malcolm Hulke,1974-01-26,WWW,11.0,63
71.0,Invasion of the Dinosaurs,Part Four,Paddy Russell,Malcolm Hulke,1974-02-02,WWW,9.0,—
71.0,Invasion of the Dinosaurs,Part Five,Paddy Russell,Malcolm Hulke,1974-02-09,WWW,9.0,—
71.0,Invasion of the Dinosaurs,Part Six,Paddy Russell,Malcolm Hulke,1974-02-16,WWW,7.5,62
72.0,Death to the Daleks,Part One,Michael E. Briant,Terry Nation,1974-02-23,XXX,8.1,61
72.0,Death to the Daleks,Part Two,Michael E. Briant,Terry Nation,1974-03-02,XXX,9.5,—
72.0,Death to the Daleks,Part Three,Michael E. Briant,Terry Nation,1974-03-09,XXX,10.5,61
72.0,Death to the Daleks,Part Four,Michael E. Briant,Terry Nation,1974-03-16,XXX,9.5,62
73.0,The Monster of Peladon,Part One,Lennie Mayne,Brian Hayles,1974-03-23,YYY,9.2,—
73.0,The Monster of Peladon,Part Two,Lennie Mayne,Brian Hayles,1974-03-30,YYY,6.8,—
73.0,The Monster of Peladon,Part Three,Lennie Mayne,Brian Hayles,1974-04-06,YYY,7.4,—
73.0,The Monster of Peladon,Part Four,Lennie Mayne,Brian Hayles,1974-04-13,YYY,7.2,—
73.0,The Monster of Peladon,Part Five,Lennie Mayne,Brian Hayles,1974-04-20,YYY,7.5,—
73.0,The Monster of Peladon,Part Six,Lennie Mayne,Brian Hayles,1974-04-27,YYY,8.1,—
74.0,Planet of the Spiders,Part One,Barry Letts,Robert Sloman and Barry Letts (uncredited),1974-05-04,ZZZ,10.1,58
74.0,Planet of the Spiders,Part Two,Barry Letts,Robert Sloman and Barry Letts (uncredited),1974-05-11,ZZZ,8.9,60
74.0,Planet of the Spiders,Part Three,Barry Letts,Robert Sloman and Barry Letts (uncredited),1974-05-18,ZZZ,8.8,57
74.0,Planet of the Spiders,Part Four,Barry Letts,Robert Sloman and Barry Letts (uncredited),1974-05-25,ZZZ,8.2,—
74.0,Planet of the Spiders,Part Five,Barry Letts,Robert Sloman and Barry Letts (uncredited),1974-06-01,ZZZ,9.2,—
74.0,Planet of the Spiders,Part Six,Barry Letts,Robert Sloman and Barry Letts (uncredited),1974-06-08,ZZZ,8.9,56
75.0,Robot,Part One,Christopher Barry,Terrance Dicks,1974-12-28,4A,10.8,53
75.0,Robot,Part Two,Christopher Barry,Terrance Dicks,1975-01-04,4A,10.7,53
75.0,Robot,Part Three,Christopher Barry,Terrance Dicks,1975-01-11,4A,10.1,—
75.0,Robot,Part Four,Christopher Barry,Terrance Dicks,1975-01-18,4A,9.0,51
76.0,The Ark in Space,Part One,Rodney Bennett,Robert Holmes,1975-01-25,4C,9.4,—
76.0,The Ark in Space,Part Two,Rodney Bennett,Robert Holmes,1975-02-01,4C,13.6,—
76.0,The Ark in Space,Part Three,Rodney Bennett,Robert Holmes,1975-02-08,4C,11.2,—
76.0,The Ark in Space,Part Four,Rodney Bennett,Robert Holmes,1975-02-15,4C,10.2,—
77.0,The Sontaran Experiment,Part One,Rodney Bennett,Bob Baker and Dave Martin,1975-02-22,4B,11.0,—
77.0,The Sontaran Experiment,Part Two,Rodney Bennett,Bob Baker and Dave Martin,1975-03-01,4B,10.5,55
78.0,Genesis of the Daleks,Part One,David Maloney,Terry Nation,1975-03-08,4E,10.7,—
78.0,Genesis of the Daleks,Part Two,David Maloney,Terry Nation,1975-03-15,4E,10.5,57
78.0,Genesis of the Daleks,Part Three,David Maloney,Terry Nation,1975-03-22,4E,8.5,—
78.0,Genesis of the Daleks,Part Four,David Maloney,Terry Nation,1975-03-29,4E,8.8,58
78.0,Genesis of the Daleks,Part Five,David Maloney,Terry Nation,1975-04-05,4E,9.8,57
78.0,Genesis of the Daleks,Part Six,David Maloney,Terry Nation,1975-04-12,4E,9.1,56
79.0,Revenge of the Cybermen,Part One,Michael E. Briant,Gerry Davis,1975-04-19,4D,9.5,57
79.0,Revenge of the Cybermen,Part Two,Michael E. Briant,Gerry Davis,1975-04-26,4D,8.3,—
79.0,Revenge of the Cybermen,Part Three,Michael E. Briant,Gerry Davis,1975-05-03,4D,8.9,—
79.0,Revenge of the Cybermen,Part Four,Michael E. Briant,Gerry Davis,1975-05-10,4D,9.4,58
80.0,Terror of the Zygons,Part One,Douglas Camfield,Robert Banks Stewart,1975-08-30,4F,8.4,59
80.0,Terror of the Zygons,Part Two,Douglas Camfield,Robert Banks Stewart,1975-09-06,4F,6.1,—
80.0,Terror of the Zygons,Part Three,Douglas Camfield,Robert Banks Stewart,1975-09-13,4F,8.2,54
80.0,Terror of the Zygons,Part Four,Douglas Camfield,Robert Banks Stewart,1975-09-20,4F,7.2,—
81.0,Planet of Evil,Part One,David Maloney,Louis Marks,1975-09-27,4H,10.4,—
81.0,Planet of Evil,Part Two,David Maloney,Louis Marks,1975-10-04,4H,9.9,56
81.0,Planet of Evil,Part Three,David Maloney,Louis Marks,1975-10-11,4H,9.1,57
81.0,Planet of Evil,Part Four,David Maloney,Louis Marks,1975-10-18,4H,10.1,54
82.0,Pyramids of Mars,Part One,Paddy Russell,Stephen Harris (Lewis Greifer and Robert Holmes),1975-10-25,4G,10.5,—
82.0,Pyramids of Mars,Part Two,Paddy Russell,Stephen Harris (Lewis Greifer and Robert Holmes),1975-11-01,4G,11.3,—
82.0,Pyramids of Mars,Part Three,Paddy Russell,Stephen Harris (Lewis Greifer and Robert Holmes),1975-11-08,4G,9.4,—
82.0,Pyramids of Mars,Part Four,Paddy Russell,Stephen Harris (Lewis Greifer and Robert Holmes),1975-11-15,4G,11.7,60
83.0,The Android Invasion,Part One,Barry Letts,Terry Nation,1975-11-22,4J,11.9,58
83.0,The Android Invasion,Part Two,Barry Letts,Terry Nation,1975-11-29,4J,11.3,—
83.0,The Android Invasion,Part Three,Barry Letts,Terry Nation,1975-12-06,4J,12.1,—
83.0,The Android Invasion,Part Four,Barry Letts,Terry Nation,1975-12-13,4J,11.4,—
84.0,The Brain of Morbius,Part One,Christopher Barry,Robin Bland (Terrance Dicks and Robert Holmes),1976-01-03,4K,9.5,—
84.0,The Brain of Morbius,Part Two,Christopher Barry,Robin Bland (Terrance Dicks and Robert Holmes),1976-01-10,4K,9.3,—
84.0,The Brain of Morbius,Part Three,Christopher Barry,Robin Bland (Terrance Dicks and Robert Holmes),1976-01-17,4K,10.1,57
84.0,The Brain of Morbius,Part Four,Christopher Barry,Robin Bland (Terrance Dicks and Robert Holmes),1976-01-24,4K,10.2,—
85.0,The Seeds of Doom,Part One,Douglas Camfield,Robert Banks Stewart,1976-01-31,4L,11.4,59
85.0,The Seeds of Doom,Part Two,Douglas Camfield,Robert Banks Stewart,1976-02-07,4L,11.4,—
85.0,The Seeds of Doom,Part Three,Douglas Camfield,Robert Banks Stewart,1976-02-14,4L,10.3,—
85.0,The Seeds of Doom,Part Four,Douglas Camfield,Robert Banks Stewart,1976-02-21,4L,11.1,—
85.0,The Seeds of Doom,Part Five,Douglas Camfield,Robert Banks Stewart,1976-02-28,4L,9.9,—
85.0,The Seeds of Doom,Part Six,Douglas Camfield,Robert Banks Stewart,1976-03-06,4L,11.5,—
86.0,The Masque of Mandragora,Part One,Rodney Bennett,Louis Marks,1976-09-04,4M,8.3,58
86.0,The Masque of Mandragora,Part Two,Rodney Bennett,Louis Marks,1976-09-11,4M,9.8,56
86.0,The Masque of Mandragora,Part Three,Rodney Bennett,Louis Marks,1976-09-18,4M,9.2,—
86.0,The Masque of Mandragora,Part Four,Rodney Bennett,Louis Marks,1976-09-25,4M,10.6,56
87.0,The Hand of Fear,Part One,Lennie Mayne,Bob Baker and Dave Martin,1976-10-02,4N,10.5,—
87.0,The Hand of Fear,Part Two,Lennie Mayne,Bob Baker and Dave Martin,1976-10-09,4N,10.2,—
87.0,The Hand of Fear,Part Three,Lennie Mayne,Bob Baker and Dave Martin,1976-10-16,4N,11.1,62
87.0,The Hand of Fear,Part Four,Lennie Mayne,Bob Baker and Dave Martin,1976-10-23,4N,12.0,—
88.0,The Deadly Assassin,Part One,David Maloney,Robert Holmes,1976-10-30,4P,11.8,—
88.0,The Deadly Assassin,Part Two,David Maloney,Robert Holmes,1976-11-06,4P,12.1,59
88.0,The Deadly Assassin,Part Three,David Maloney,Robert Holmes,1976-11-13,4P,13.0,—
88.0,The Deadly Assassin,Part Four,David Maloney,Robert Holmes,1976-11-20,4P,11.8,61
89.0,The Face of Evil,Part One,Pennant Roberts,Chris Boucher,1977-01-01,4Q,10.7,61
89.0,The Face of Evil,Part Two,Pennant Roberts,Chris Boucher,1977-01-08,4Q,11.1,—
89.0,The Face of Evil,Part Three,Pennant Roberts,Chris Boucher,1977-01-15,4Q,11.3,59
89.0,The Face of Evil,Part Four,Pennant Roberts,Chris Boucher,1977-01-22,4Q,11.7,60
90.0,The Robots of Death,Part One,Michael E. Briant,Chris Boucher,1977-01-29,4R,12.8,62
90.0,The Robots of Death,Part Two,Michael E. Briant,Chris Boucher,1977-02-05,4R,12.4,—
90.0,The Robots of Death,Part Three,Michael E. Briant,Chris Boucher,1977-02-12,4R,13.1,—
90.0,The Robots of Death,Part Four,Michael E. Briant,Chris Boucher,1977-02-19,4R,12.6,57
91.0,The Talons of Weng-Chiang,Part One,David Maloney,Robert Holmes,1977-02-26,4S,11.3,—
91.0,The Talons of Weng-Chiang,Part Two,David Maloney,Robert Holmes,1977-03-05,4S,9.8,—
91.0,The Talons of Weng-Chiang,Part Three,David Maloney,Robert Holmes,1977-03-12,4S,10.2,—
91.0,The Talons of Weng-Chiang,Part Four,David Maloney,Robert Holmes,1977-03-19,4S,11.4,60
91.0,The Talons of Weng-Chiang,Part Five,David Maloney,Robert Holmes,1977-03-26,4S,10.1,—
91.0,The Talons of Weng-Chiang,Part Six,David Maloney,Robert Holmes,1977-04-02,4S,9.3,58
92.0,Horror of Fang Rock,Part One,Paddy Russell,Terrance Dicks,1977-09-03,4V,6.8,58
92.0,Horror of Fang Rock,Part Two,Paddy Russell,Terrance Dicks,1977-09-10,4V,7.1,—
92.0,Horror of Fang Rock,Part Three,Paddy Russell,Terrance Dicks,1977-09-17,4V,9.8,60
92.0,Horror of Fang Rock,Part Four,Paddy Russell,Terrance Dicks,1977-09-24,4V,9.9,57
93.0,The Invisible Enemy,Part One,Derrick Goodwin,Bob Baker and Dave Martin,1977-10-01,4T,8.6,—
93.0,The Invisible Enemy,Part Two,Derrick Goodwin,Bob Baker and Dave Martin,1977-10-08,4T,7.3,—
93.0,The Invisible Enemy,Part Three,Derrick Goodwin,Bob Baker and Dave Martin,1977-10-15,4T,7.5,—
93.0,The Invisible Enemy,Part Four,Derrick Goodwin,Bob Baker and Dave Martin,1977-10-22,4T,8.3,60
94.0,Image of the Fendahl,Part One,George Spenton-Foster,Chris Boucher,1977-10-29,4X,6.7,—
94.0,Image of the Fendahl,Part Two,George Spenton-Foster,Chris Boucher,1977-11-05,4X,7.5,75
94.0,Image of the Fendahl,Part Three,George Spenton-Foster,Chris Boucher,1977-11-12,4X,7.9,—
94.0,Image of the Fendahl,Part Four,George Spenton-Foster,Chris Boucher,1977-11-19,4X,9.1,61
95.0,The Sun Makers,Part One,Pennant Roberts,Robert Holmes,1977-11-26,4W,8.5,—
95.0,The Sun Makers,Part Two,Pennant Roberts,Robert Holmes,1977-12-03,4W,9.5,—
95.0,The Sun Makers,Part Three,Pennant Roberts,Robert Holmes,1977-12-10,4W,8.9,68
95.0,The Sun Makers,Part Four,Pennant Roberts,Robert Holmes,1977-12-17,4W,8.4,59
96.0,Underworld,Part One,Norman Stewart,Bob Baker and Dave Martin,1978-01-07,4Y,8.9,65
96.0,Underworld,Part Two,Norman Stewart,Bob Baker and Dave Martin,1978-01-14,4Y,9.1,—
96.0,Underworld,Part Three,Norman Stewart,Bob Baker and Dave Martin,1978-01-21,4Y,8.9,—
96.0,Underworld,Part Four,Norman Stewart,Bob Baker and Dave Martin,1978-01-28,4Y,11.7,—
97.0,The Invasion of Time,Part One,Gerald Blake,David Agnew (Graham Williams and Anthony Read),1978-02-04,4Z,11.2,56
97.0,The Invasion of Time,Part Two,Gerald Blake,David Agnew (Graham Williams and Anthony Read),1978-02-11,4Z,11.4,—
97.0,The Invasion of Time,Part Three,Gerald Blake,David Agnew (Graham Williams and Anthony Read),1978-02-18,4Z,9.5,—
97.0,The Invasion of Time,Part Four,Gerald Blake,David Agnew (Graham Williams and Anthony Read),1978-02-25,4Z,10.9,—
97.0,The Invasion of Time,Part Five,Gerald Blake,David Agnew (Graham Williams and Anthony Read),1978-03-04,4Z,10.3,—
97.0,The Invasion of Time,Part Six,Gerald Blake,David Agnew (Graham Williams and Anthony Read),1978-03-11,4Z,9.8,—
98.0,The Ribos Operation,Part One,George Spenton-Foster,Robert Holmes,1978-09-02,5A,8.3,59
98.0,The Ribos Operation,Part Two,George Spenton-Foster,Robert Holmes,1978-09-09,5A,8.1,—
98.0,The Ribos Operation,Part Three,George Spenton-Foster,Robert Holmes,1978-09-16,5A,7.9,—
98.0,The Ribos Operation,Part Four,George Spenton-Foster,Robert Holmes,1978-09-23,5A,8.2,67
99.0,The Pirate Planet,Part One,Pennant Roberts,Douglas Adams,1978-09-30,5B,9.1,61
99.0,The Pirate Planet,Part Two,Pennant Roberts,Douglas Adams,1978-10-07,5B,7.4,—
99.0,The Pirate Planet,Part Three,Pennant Roberts,Douglas Adams,1978-10-14,5B,8.2,64
99.0,The Pirate Planet,Part Four,Pennant Roberts,Douglas Adams,1978-10-21,5B,8.4,64
100.0,The Stones of Blood,Part One,Darrol Blake,David Fisher,1978-10-28,5C,8.6,—
100.0,The Stones of Blood,Part Two,Darrol Blake,David Fisher,1978-11-04,5C,6.6,—
100.0,The Stones of Blood,Part Three,Darrol Blake,David Fisher,1978-11-11,5C,9.3,—
100.0,The Stones of Blood,Part Four,Darrol Blake,David Fisher,1978-11-18,5C,7.6,67
101.0,The Androids of Tara,Part One,Michael Hayes,David Fisher,1978-11-25,5D,9.5,—
101.0,The Androids of Tara,Part Two,Michael Hayes,David Fisher,1978-12-02,5D,10.1,65
101.0,The Androids of Tara,Part Three,Michael Hayes,David Fisher,1978-12-09,5D,8.9,—
101.0,The Androids of Tara,Part Four,Michael Hayes,David Fisher,1978-12-16,5D,9.0,66
102.0,The Power of Kroll,Part One,Norman Stewart,Robert Holmes,1978-12-23,5E,6.5,—
102.0,The Power of Kroll,Part Two,Norman Stewart,Robert Holmes,1978-12-30,5E,12.4,—
102.0,The Power of Kroll,Part Three,Norman Stewart,Robert Holmes,1979-01-06,5E,8.9,—
102.0,The Power of Kroll,Part Four,Norman Stewart,Robert Holmes,1979-01-13,5E,9.9,63
103.0,The Armageddon Factor,Part One,Michael Hayes,Bob Baker and Dave Martin,1979-01-20,5F,7.5,65
103.0,The Armageddon Factor,Part Two,Michael Hayes,Bob Baker and Dave Martin,1979-01-27,5F,8.8,—
103.0,The Armageddon Factor,Part Three,Michael Hayes,Bob Baker and Dave Martin,1979-02-03,5F,7.8,—
103.0,The Armageddon Factor,Part Four,Michael Hayes,Bob Baker and Dave Martin,1979-02-10,5F,8.6,—
103.0,The Armageddon Factor,Part Five,Michael Hayes,Bob Baker and Dave Martin,1979-02-17,5F,8.6,—
103.0,The Armageddon Factor,Part Six,Michael Hayes,Bob Baker and Dave Martin,1979-02-24,5F,9.6,66
104,Destiny of the Daleks,Episode One,Ken Grieve,Terry Nation,1979-09-01,5J,13.0,67
104,Destiny of the Daleks,Episode Two,Ken Grieve,Terry Nation,1979-09-08,5J,12.7,—
104,Destiny of the Daleks,Episode Three,Ken Grieve,Terry Nation,1979-09-15,5J,13.8,63
104,Destiny of the Daleks,Episode Four,Ken Grieve,Terry Nation,1979-09-22,5J,14.4,64
105,City of Death,Part One,Michael Hayes,"David Agnew (Douglas Adams, Graham Williams and David Fisher)",1979-09-29,5H,12.4,—
105,City of Death,Part Two,Michael Hayes,"David Agnew (Douglas Adams, Graham Williams and David Fisher)",1979-10-06,5H,14.1,64
105,City of Death,Part Three,Michael Hayes,"David Agnew (Douglas Adams, Graham Williams and David Fisher)",1979-10-13,5H,15.4,—
105,City of Death,Part Four,Michael Hayes,"David Agnew (Douglas Adams, Graham Williams and David Fisher)",1979-10-20,5H,16.1,64
106,The Creature from the Pit,Part One,Christopher Barry,David Fisher,1979-10-27,5G,9.3,—
106,The Creature from the Pit,Part Two,Christopher Barry,David Fisher,1979-11-03,5G,10.8,67
106,The Creature from the Pit,Part Three,Christopher Barry,David Fisher,1979-11-10,5G,10.2,—
106,The Creature from the Pit,Part Four,Christopher Barry,David Fisher,1979-11-17,5G,9.6,—
107,Nightmare of Eden,Part One,Alan Bromly,Bob Baker,1979-11-24,5K,8.7,—
107,Nightmare of Eden,Part Two,Alan Bromly,Bob Baker,1979-12-01,5K,9.6,—
107,Nightmare of Eden,Part Three,Alan Bromly,Bob Baker,1979-12-08,5K,9.6,—
107,Nightmare of Eden,Part Four,Alan Bromly,Bob Baker,1979-12-15,5K,9.4,65
108,The Horns of Nimon,Part One,Kenny McBain,Anthony Read,1979-12-22,5L,6.0,—
108,The Horns of Nimon,Part Two,Kenny McBain,Anthony Read,1979-12-29,5L,8.8,—
108,The Horns of Nimon,Part Three,Kenny McBain,Anthony Read,1980-01-05,5L,9.8,—
108,The Horns of Nimon,Part Four,Kenny McBain,Anthony Read,1980-01-12,5L,10.4,67
—,Shada,,Pennant Roberts,Douglas Adams,,5M,—,—
109.0,The Leisure Hive,Part One,Lovett Bickford,David Fisher,1980-08-30,5N,5.9,—
109.0,The Leisure Hive,Part Two,Lovett Bickford,David Fisher,1980-09-06,5N,5.0,—
109.0,The Leisure Hive,Part Three,Lovett Bickford,David Fisher,1980-09-13,5N,5.0,—
109.0,The Leisure Hive,Part Four,Lovett Bickford,David Fisher,1980-09-20,5N,4.5,65
110.0,Meglos,Part One,Terence Dudley,John Flanagan & Andrew McCulloch,1980-09-27,5Q,5.0,61
110.0,Meglos,Part Two,Terence Dudley,John Flanagan & Andrew McCulloch,1980-10-04,5Q,4.2,64
110.0,Meglos,Part Three,Terence Dudley,John Flanagan & Andrew McCulloch,1980-10-11,5Q,4.7,—
110.0,Meglos,Part Four,Terence Dudley,John Flanagan & Andrew McCulloch,1980-10-18,5Q,4.7,63
111.0,Full Circle,Part One,Peter Grimwade,Andrew Smith,1980-10-25,5R,5.9,—
111.0,Full Circle,Part Two,Peter Grimwade,Andrew Smith,1980-11-01,5R,3.7,—
111.0,Full Circle,Part Three,Peter Grimwade,Andrew Smith,1980-11-08,5R,5.9,—
111.0,Full Circle,Part Four,Peter Grimwade,Andrew Smith,1980-11-15,5R,5.4,65
112.0,State of Decay,Part One,Peter Moffatt,Terrance Dicks,1980-11-22,5P,5.8,—
112.0,State of Decay,Part Two,Peter Moffatt,Terrance Dicks,1980-11-29,5P,5.3,—
112.0,State of Decay,Part Three,Peter Moffatt,Terrance Dicks,1980-12-06,5P,4.4,—
112.0,State of Decay,Part Four,Peter Moffatt,Terrance Dicks,1980-12-13,5P,5.4,69
113.0,Warriors' Gate,Part One,Paul Joyce & Graeme Harper (uncredited),Stephen Gallagher,1981-01-03,5S,7.1,59
113.0,Warriors' Gate,Part Two,Paul Joyce & Graeme Harper (uncredited),Stephen Gallagher,1981-01-10,5S,6.7,—
113.0,Warriors' Gate,Part Three,Paul Joyce & Graeme Harper (uncredited),Stephen Gallagher,1981-01-17,5S,8.3,—
113.0,Warriors' Gate,Part Four,Paul Joyce & Graeme Harper (uncredited),Stephen Gallagher,1981-01-24,5S,7.8,59
114.0,The Keeper of Traken,Part One,John Black,Johnny Byrne,1981-01-31,5T,7.6,—
114.0,The Keeper of Traken,Part Two,John Black,Johnny Byrne,1981-02-07,5T,6.1,—
114.0,The Keeper of Traken,Part Three,John Black,Johnny Byrne,1981-02-14,5T,5.2,—
114.0,The Keeper of Traken,Part Four,John Black,Johnny Byrne,1981-02-21,5T,6.1,63
115.0,Logopolis,Part One,Peter Grimwade,Christopher H. Bidmead,1981-02-28,5V,7.7,—
115.0,Logopolis,Part Two,Peter Grimwade,Christopher H. Bidmead,1981-03-07,5V,7.7,61
115.0,Logopolis,Part Three,Peter Grimwade,Christopher H. Bidmead,1981-03-14,5V,5.8,—
115.0,Logopolis,Part Four,Peter Grimwade,Christopher H. Bidmead,1981-03-21,5V,6.1,65
116.0,Castrovalva,Part One,Fiona Cumming,Christopher H. Bidmead,1982-01-04,5Z,9.1,–
116.0,Castrovalva,Part Two,Fiona Cumming,Christopher H. Bidmead,1982-01-05,5Z,8.6,–
116.0,Castrovalva,Part Three,Fiona Cumming,Christopher H. Bidmead,1982-01-11,5Z,10.2,–
116.0,Castrovalva,Part Four,Fiona Cumming,Christopher H. Bidmead,1982-01-12,5Z,10.4,–
117.0,Four to Doomsday,Part One,John Black,Terence Dudley,1982-01-18,5W,8.4,–
117.0,Four to Doomsday,Part Two,John Black,Terence Dudley,1982-01-19,5W,8.8,–
117.0,Four to Doomsday,Part Three,John Black,Terence Dudley,1982-01-25,5W,8.9,–
117.0,Four to Doomsday,Part Four,John Black,Terence Dudley,1982-01-26,5W,9.4,–
118.0,Kinda,Part One,Peter Grimwade,Christopher Bailey,1982-02-01,5Y,8.4,–
118.0,Kinda,Part Two,Peter Grimwade,Christopher Bailey,1982-02-02,5Y,9.4,–
118.0,Kinda,Part Three,Peter Grimwade,Christopher Bailey,1982-02-08,5Y,8.5,–
118.0,Kinda,Part Four,Peter Grimwade,Christopher Bailey,1982-02-09,5Y,8.9,–
119.0,The Visitation,Part One,Peter Moffatt,Eric Saward,1982-02-15,5X,9.1,–
119.0,The Visitation,Part Two,Peter Moffatt,Eric Saward,1982-02-16,5X,9.3,–
119.0,The Visitation,Part Three,Peter Moffatt,Eric Saward,1982-02-22,5X,9.9,–
119.0,The Visitation,Part Four,Peter Moffatt,Eric Saward,1982-02-23,5X,10.1,–
120.0,Black Orchid,Part One,Ron Jones,Terence Dudley,1982-03-01,6A,9.9,–
120.0,Black Orchid,Part Two,Ron Jones,Terence Dudley,1982-03-02,6A,10.1,–
121.0,Earthshock,Part One,Peter Grimwade,Eric Saward,1982-03-08,6B,9.1,–
121.0,Earthshock,Part Two,Peter Grimwade,Eric Saward,1982-03-09,6B,8.8,–
121.0,Earthshock,Part Three,Peter Grimwade,Eric Saward,1982-03-15,6B,9.8,–
121.0,Earthshock,Part Four,Peter Grimwade,Eric Saward,1982-03-16,6B,9.6,–
122.0,Time-Flight,Part One,Ron Jones,Peter Grimwade,1982-03-22,6C,10.0,–
122.0,Time-Flight,Part Two,Ron Jones,Peter Grimwade,1982-03-23,6C,8.5,–
122.0,Time-Flight,Part Three,Ron Jones,Peter Grimwade,1982-03-29,6C,8.9,–
122.0,Time-Flight,Part Four,Ron Jones,Peter Grimwade,1982-03-30,6C,8.1,–
123,Arc of Infinity,Part One,Ron Jones,Johnny Byrne,1983-01-03,6E,7.2,69
123,Arc of Infinity,Part Two,Ron Jones,Johnny Byrne,1983-01-05,6E,7.3,70
123,Arc of Infinity,Part Three,Ron Jones,Johnny Byrne,1983-01-11,6E,6.9,67
123,Arc of Infinity,Part Four,Ron Jones,Johnny Byrne,1983-01-12,6E,7.2,66
124,Snakedance,Part One,Fiona Cumming,Christopher Bailey,1983-01-18,6D,6.7,65
124,Snakedance,Part Two,Fiona Cumming,Christopher Bailey,1983-01-19,6D,7.7,66
124,Snakedance,Part Three,Fiona Cumming,Christopher Bailey,1983-01-25,6D,6.6,67
124,Snakedance,Part Four,Fiona Cumming,Christopher Bailey,1983-01-26,6D,7.4,67
125,Mawdryn Undead,Part One,Peter Moffatt,Peter Grimwade,1983-02-01,6F,6.5,67
125,Mawdryn Undead,Part Two,Peter Moffatt,Peter Grimwade,1983-02-02,6F,7.5,70
125,Mawdryn Undead,Part Three,Peter Moffatt,Peter Grimwade,1983-02-08,6F,7.4,67
125,Mawdryn Undead,Part Four,Peter Moffatt,Peter Grimwade,1983-02-09,6F,7.7,68
126,Terminus,Part One,Mary Ridge,Stephen Gallagher,1983-02-15,6G,6.8,65
126,Terminus,Part Two,Mary Ridge,Stephen Gallagher,1983-02-16,6G,7.5,67
126,Terminus,Part Three,Mary Ridge,Stephen Gallagher,1983-02-22,6G,6.5,64
126,Terminus,Part Four,Mary Ridge,Stephen Gallagher,1983-02-23,6G,7.4,67
127,Enlightenment,Part One,Fiona Cumming,Barbara Clegg,1983-03-01,6H,6.6,67
127,Enlightenment,Part Two,Fiona Cumming,Barbara Clegg,1983-03-02,6H,7.2,65
127,Enlightenment,Part Three,Fiona Cumming,Barbara Clegg,1983-03-08,6H,6.2,68
127,Enlightenment,Part Four,Fiona Cumming,Barbara Clegg,1983-03-09,6H,7.3,70
128,The King's Demons,Part One,Tony Virgo,Terence Dudley,1983-03-15,6J,5.8,65
128,The King's Demons,Part Two,Tony Virgo,Terence Dudley,1983-03-16,6J,7.2,63
129,The Five Doctors,,Peter Moffatt,Terrance Dicks,1983-11-25,6K,7.7,75
130.0,Warriors of the Deep,Part One,Pennant Roberts,Johnny Byrne,1984-01-05,6L,7.6,65
130.0,Warriors of the Deep,Part Two,Pennant Roberts,Johnny Byrne,1984-01-06,6L,7.5,64
130.0,Warriors of the Deep,Part Three,Pennant Roberts,Johnny Byrne,1984-01-12,6L,7.3,62
130.0,Warriors of the Deep,Part Four,Pennant Roberts,Johnny Byrne,1984-01-13,6L,6.6,65
131.0,The Awakening,Part One,Michael Owen Morris,Eric Pringle,1984-01-19,6M,7.9,65
131.0,The Awakening,Part Two,Michael Owen Morris,Eric Pringle,1984-01-20,6M,6.6,63
132.0,Frontios,Part One,Ron Jones,Christopher H. Bidmead,1984-01-26,6N,8.0,66
132.0,Frontios,Part Two,Ron Jones,Christopher H. Bidmead,1984-01-27,6N,5.8,69
132.0,Frontios,Part Three,Ron Jones,Christopher H. Bidmead,1984-02-02,6N,7.8,65
132.0,Frontios,Part Four,Ron Jones,Christopher H. Bidmead,1984-02-03,6N,5.6,65
133.0,Resurrection of the Daleks,Part One,Matthew Robinson,Eric Saward,1984-02-08,6P,7.3,69
133.0,Resurrection of the Daleks,Part Two,Matthew Robinson,Eric Saward,1984-02-15,6P,8.0,65
134.0,Planet of Fire,Part One,Fiona Cumming,Peter Grimwade,1984-02-23,6Q,7.4,—
134.0,Planet of Fire,Part Two,Fiona Cumming,Peter Grimwade,1984-02-24,6Q,6.1,—
134.0,Planet of Fire,Part Three,Fiona Cumming,Peter Grimwade,1984-03-01,6Q,7.4,—
134.0,Planet of Fire,Part Four,Fiona Cumming,Peter Grimwade,1984-03-02,6Q,7.0,—
135.0,The Caves of Androzani,Part One,Graeme Harper,Robert Holmes,1984-03-08,6R,6.9,65
135.0,The Caves of Androzani,Part Two,Graeme Harper,Robert Holmes,1984-03-09,6R,6.6,—
135.0,The Caves of Androzani,Part Three,Graeme Harper,Robert Holmes,1984-03-15,6R,7.8,65
135.0,The Caves of Androzani,Part Four,Graeme Harper,Robert Holmes,1984-03-16,6R,7.8,68
136.0,The Twin Dilemma,Part One,Peter Moffatt,Anthony Steven,1984-03-22,6S,7.6,61.0
136.0,The Twin Dilemma,Part Two,Peter Moffatt,Anthony Steven,1984-03-23,6S,7.4,66.0
136.0,The Twin Dilemma,Part Three,Peter Moffatt,Anthony Steven,1984-03-29,6S,7.0,59.0
136.0,The Twin Dilemma,Part Four,Peter Moffatt,Anthony Steven,1984-03-30,6S,6.3,67.0
137.0,Attack of the Cybermen,Part One,Matthew Robinson,Paula Moore,1985-01-05,6T,8.9,61.0
137.0,Attack of the Cybermen,Part Two,Matthew Robinson,Paula Moore,1985-01-12,6T,7.2,65.0
138.0,Vengeance on Varos,Part One,Ron Jones,Philip Martin,1985-01-19,6V,7.2,63.0
138.0,Vengeance on Varos,Part Two,Ron Jones,Philip Martin,1985-01-26,6V,7.0,65.0
139.0,The Mark of the Rani,Part One,Sarah Hellings,Pip and Jane Baker,1985-02-02,6X,6.3,64.0
139.0,The Mark of the Rani,Part Two,Sarah Hellings,Pip and Jane Baker,1985-02-09,6X,7.3,64.0
140.0,The Two Doctors,Part One,Peter Moffatt,Robert Holmes,1985-02-16,6W,6.6,65.0
140.0,The Two Doctors,Part Two,Peter Moffatt,Robert Holmes,1985-02-23,6W,6.0,62.0
140.0,The Two Doctors,Part Three,Peter Moffatt,Robert Holmes,1985-03-02,6W,6.9,65.0
141.0,Timelash,Part One,Pennant Roberts,Glen McCoy,1985-03-09,6Y,6.7,66.0
141.0,Timelash,Part Two,Pennant Roberts,Glen McCoy,1985-03-16,6Y,7.4,64.0
142.0,Revelation of the Daleks,Part One,Graeme Harper,Eric Saward,1985-03-23,6Z,7.4,67.0
142.0,Revelation of the Daleks,Part Two,Graeme Harper,Eric Saward,1985-03-30,6Z,7.7,65.0
143a,The Mysterious Planet,Part One,Nicholas Mallett,Robert Holmes,1986-09-06,7A,4.9,72.0
143a,The Mysterious Planet,Part Two,Nicholas Mallett,Robert Holmes,1986-09-13,7A,4.9,69.0
143a,The Mysterious Planet,Part Three,Nicholas Mallett,Robert Holmes,1986-09-20,7A,3.9,70.0
143a,The Mysterious Planet,Part Four,Nicholas Mallett,Robert Holmes,1986-09-27,7A,3.7,72.0
143b,Mindwarp,Part Five,Ron Jones,Philip Martin,1986-10-04,7B,4.8,71.0
143b,Mindwarp,Part Six,Ron Jones,Philip Martin,1986-10-11,7B,4.6,69.0
143b,Mindwarp,Part Seven,Ron Jones,Philip Martin,1986-10-18,7B,5.1,66.0
143b,Mindwarp,Part Eight,Ron Jones,Philip Martin,1986-10-25,7B,5.0,72.0
143c,Terror of the Vervoids,Part Nine,Chris Clough,Pip and Jane Baker,1986-11-01,7C,5.2,66.0
143c,Terror of the Vervoids,Part Ten,Chris Clough,Pip and Jane Baker,1986-11-08,7C,4.6,69.0
143c,Terror of the Vervoids,Part Eleven,Chris Clough,Pip and Jane Baker,1986-11-15,7C,5.3,69.0
143c,Terror of the Vervoids,Part Twelve,Chris Clough,Pip and Jane Baker,1986-11-22,7C,5.3,69.0
143d,The Ultimate Foe,Part Thirteen,Chris Clough,Robert Holmes,1986-11-29,7C,4.4,69.0
143d,The Ultimate Foe,Part Fourteen,Chris Clough,Pip and Jane Baker,1986-12-06,7C,5.6,69.0
144.0,Time and the Rani,Part One,Andrew Morgan,Pip and Jane Baker,1987-09-07,7D,5.1,58.0
144.0,Time and the Rani,Part Two,Andrew Morgan,Pip and Jane Baker,1987-09-14,7D,4.2,63.0
144.0,Time and the Rani,Part Three,Andrew Morgan,Pip and Jane Baker,1987-09-21,7D,4.3,57.0
144.0,Time and the Rani,Part Four,Andrew Morgan,Pip and Jane Baker,1987-09-28,7D,4.9,59.0
145.0,Paradise Towers,Part One,Nicholas Mallett,Stephen Wyatt,1987-10-05,7E,4.5,61.0
145.0,Paradise Towers,Part Two,Nicholas Mallett,Stephen Wyatt,1987-10-12,7E,5.2,58.0
145.0,Paradise Towers,Part Three,Nicholas Mallett,Stephen Wyatt,1987-10-19,7E,5.0,58.0
145.0,Paradise Towers,Part Four,Nicholas Mallett,Stephen Wyatt,1987-10-26,7E,5.0,57.0
146.0,Delta and the Bannermen,Part One,Chris Clough,Malcolm Kohll,1987-11-02,7F,5.3,63.0
146.0,Delta and the Bannermen,Part Two,Chris Clough,Malcolm Kohll,1987-11-09,7F,5.1,60.0
146.0,Delta and the Bannermen,Part Three,Chris Clough,Malcolm Kohll,1987-11-16,7F,5.4,60.0
147.0,Dragonfire,Part One,Chris Clough,Ian Briggs,1987-11-23,7G,5.5,61.0
147.0,Dragonfire,Part Two,Chris Clough,Ian Briggs,1987-11-30,7G,5.0,61.0
147.0,Dragonfire,Part Three,Chris Clough,Ian Briggs,1987-12-07,7G,4.7,64.0
148.0,Remembrance of the Daleks,Part One,Andrew Morgan,Ben Aaronovitch,1988-10-05,7H,5.5,68.0
148.0,Remembrance of the Daleks,Part Two,Andrew Morgan,Ben Aaronovitch,1988-10-12,7H,5.8,69.0
148.0,Remembrance of the Daleks,Part Three,Andrew Morgan,Ben Aaronovitch,1988-10-19,7H,5.1,70.0
148.0,Remembrance of the Daleks,Part Four,Andrew Morgan,Ben Aaronovitch,1988-10-26,7H,5.0,72.0
149.0,The Happiness Patrol,Part One,Chris Clough,Graeme Curry,1988-11-02,7L,5.3,67.0
149.0,The Happiness Patrol,Part Two,Chris Clough,Graeme Curry,1988-11-09,7L,4.6,65.0
149.0,The Happiness Patrol,Part Three,Chris Clough,Graeme Curry,1988-11-16,7L,5.3,65.0
150.0,Silver Nemesis,Part One,Chris Clough,Kevin Clarke,1988-11-23,7K,6.1,71.0
150.0,Silver Nemesis,Part Two,Chris Clough,Kevin Clarke,1988-11-30,7K,5.2,70.0
150.0,Silver Nemesis,Part Three,Chris Clough,Kevin Clarke,1988-12-07,7K,5.2,70.0
151.0,The Greatest Show in the Galaxy,Part One,Alan Wareing,Stephen Wyatt,1988-12-14,7J,5.0,68.0
151.0,The Greatest Show in the Galaxy,Part Two,Alan Wareing,Stephen Wyatt,1988-12-21,7J,5.3,66.0
151.0,The Greatest Show in the Galaxy,Part Three,Alan Wareing,Stephen Wyatt,1988-12-28,7J,4.8,69.0
151.0,The Greatest Show in the Galaxy,Part Four,Alan Wareing,Stephen Wyatt,1989-01-04,7J,6.6,64.0
152.0,Battlefield,Part One,Michael Kerrigan,Ben Aaronovitch,1989-09-06,7N,3.1,69.0
152.0,Battlefield,Part Two,Michael Kerrigan,Ben Aaronovitch,1989-09-13,7N,3.9,68.0
152.0,Battlefield,Part Three,Michael Kerrigan,Ben Aaronovitch,1989-09-20,7N,3.6,67.0
152.0,Battlefield,Part Four,Michael Kerrigan,Ben Aaronovitch,1989-09-27,7N,4.0,65.0
153.0,Ghost Light,Part One,Alan Wareing,Marc Platt,1989-10-04,7Q,4.2,68.0
153.0,Ghost Light,Part Two,Alan Wareing,Marc Platt,1989-10-11,7Q,4.0,68.0
153.0,Ghost Light,Part Three,Alan Wareing,Marc Platt,1989-10-18,7Q,4.0,64.0
154.0,The Curse of Fenric,Part One,Nicholas Mallett,Ian Briggs,1989-10-25,7M,4.3,67.0
154.0,The Curse of Fenric,Part Two,Nicholas Mallett,Ian Briggs,1989-11-01,7M,4.0,68.0
154.0,The Curse of Fenric,Part Three,Nicholas Mallett,Ian Briggs,1989-11-08,7M,4.0,68.0
154.0,The Curse of Fenric,Part Four,Nicholas Mallett,Ian Briggs,1989-11-15,7M,4.2,68.0
155.0,Survival,Part One,Alan Wareing,Rona Munro,1989-11-22,7P,5.0,69.0
155.0,Survival,Part Two,Alan Wareing,Rona Munro,1989-11-29,7P,4.8,69.0
155.0,Survival,Part Three,Alan Wareing,Rona Munro,1989-12-06,7P,5.0,71.0
156,,,Geoffrey Sax,Matthew Jacobs,1996-05-27,TVM,9.08,75
157,Rose,,Keith Boak,Russell T Davies,2005-03-26,1.1,10.81,76
158,The End of the World,,Euros Lyn,Russell T Davies,2005-04-02,1.2,7.97,76
159,The Unquiet Dead,,Euros Lyn,Mark Gatiss,2005-04-09,1.3,8.86,80
160a,Aliens of London,,Keith Boak,Russell T Davies,2005-04-16,1.4,7.63,82
160b,World War Three,,Keith Boak,Russell T Davies,2005-04-23,1.5,7.98,81
161,Dalek,,Joe Ahearne,Robert Shearman,2005-04-30,1.6,8.63,84
162,The Long Game,,Brian Grant,Russell T Davies,2005-05-07,1.7,8.01,81
163,Father's Day,,Joe Ahearne,Paul Cornell,2005-05-14,1.8,8.06,83
164a,The Empty Child,,James Hawes,Steven Moffat,2005-05-21,1.9,7.11,84
164b,The Doctor Dances,,James Hawes,Steven Moffat,2005-05-28,1.1,6.86,85
165,Boom Town,,Joe Ahearne,Russell T Davies,2005-06-04,1.11,7.68,82
166a,Bad Wolf,,Joe Ahearne,Russell T Davies,2005-06-11,1.12,6.81,86
166b,The Parting of the Ways,,Joe Ahearne,Russell T Davies,2005-06-18,1.13,6.91,89
167,The Christmas Invasion,,James Hawes,Russell T Davies,2005-12-25,2X,9.84,84
168,New Earth,,James Hawes,Russell T Davies,2006-04-15,2.1,8.62,85
169,Tooth and Claw,,Euros Lyn,Russell T Davies,2006-04-22,2.2,9.24,83
170,School Reunion,,James Hawes,Toby Whithouse,2006-04-29,2.3,8.31,85
171,The Girl in the Fireplace,,Euros Lyn,Steven Moffat,2006-05-06,2.4,7.90,84
172a,Rise of the Cybermen,,Graeme Harper,Tom MacRae,2006-05-13,2.5,9.22,86
172b,The Age of Steel,,Graeme Harper,Tom MacRae,2006-05-20,2.6,7.63,86
173,The Idiot's Lantern,,Euros Lyn,Mark Gatiss,2006-05-27,2.7,6.76,84
174a,The Impossible Planet,,James Strong,Matt Jones,2006-06-03,2.8,6.32,85
174b,The Satan Pit,,James Strong,Matt Jones,2006-06-10,2.9,6.08,86
175,Love & Monsters,,Dan Zeff,Russell T Davies,2006-06-17,2.10,6.66,76
176,Fear Her,,Euros Lyn,Matthew Graham,2006-06-24,2.11,7.14,83
177a,Army of Ghosts,,Graeme Harper,Russell T Davies,2006-07-01,2.12,8.19,86
177b,Doomsday,,Graeme Harper,Russell T Davies,2006-07-08,2.13,8.22,89
178,The Runaway Bride,,Euros Lyn,Russell T Davies,2006-12-25,3X,9.35,84
179,Smith and Jones,,Charles Palmer,Russell T Davies,2007-03-31,3.1,8.71,88
180,The Shakespeare Code,,Charles Palmer,Gareth Roberts,2007-04-07,3.2,7.23,87
181,Gridlock,,Richard Clark,Russell T Davies,2007-04-14,3.3,8.41,85
182a,Daleks in Manhattan,,James Strong,Helen Raynor,2007-04-21,3.4,6.69,86
182b,Evolution of the Daleks,,James Strong,Helen Raynor,2007-04-28,3.5,6.97,85
183,The Lazarus Experiment,,Richard Clark,Stephen Greenhorn,2007-05-05,3.6,7.19,86
184,42,,Graeme Harper,Chris Chibnall,2007-05-19,3.7,7.41,85
185a,Human Nature,,Charles Palmer,Paul Cornell,2007-05-26,3.8,7.74,86
185b,The Family of Blood,,Charles Palmer,Paul Cornell,2007-06-02,3.9,7.21,86
186,Blink,,Hettie MacDonald,Steven Moffat,2007-06-09,3.10,6.62,87
187a,Utopia,,Graeme Harper,Russell T Davies,2007-06-16,3.11,7.84,87
187b,The Sound of Drums,,Colin Teague,Russell T Davies,2007-06-23,3.12,7.51,87
187c,Last of the Time Lords,,Colin Teague,Russell T Davies,2007-06-30,3.13,8.61,88
188,Voyage of the Damned,,James Strong,Russell T Davies,2007-12-25,4X,13.31,86
189,Partners in Crime,,James Strong,Russell T Davies,2008-04-05,4.1,9.14,88
190,The Fires of Pompeii,,Colin Teague,James Moran,2008-04-12,4.3,9.04,87
191,Planet of the Ood,,Graeme Harper,Keith Temple,2008-04-19,4.2,7.50,87
192a,The Sontaran Stratagem,,Douglas Mackinnon,Helen Raynor,2008-04-26,4.4,7.06,87
192b,The Poison Sky,,Douglas Mackinnon,Helen Raynor,2008-05-03,4.5,6.53,88
193,The Doctor's Daughter,,Alice Troughton,Stephen Greenhorn,2008-05-10,4.6,7.33,88
194,The Unicorn and the Wasp,,Graeme Harper,Gareth Roberts,2008-05-17,4.7,8.41,86
195a,Silence in the Library,,Euros Lyn,Steven Moffat,2008-05-31,4.9,6.27,89
195b,Forest of the Dead,,Euros Lyn,Steven Moffat,2008-06-07,4.10,7.84,89
196,Midnight,,Alice Troughton,Russell T Davies,2008-06-14,4.8,8.05,86
197,Turn Left,,Graeme Harper,Russell T Davies,2008-06-21,4.11,8.09,88
198a,The Stolen Earth,,Graeme Harper,Russell T Davies,2008-06-28,4.12,8.78,91
198b,Journey's End,,Graeme Harper,Russell T Davies,2008-07-05,4.13,10.57,91
199,The Next Doctor,,Andy Goddard,Russell T Davies,2008-12-25,4.14,13.1,86
200,Planet of the Dead,,James Strong,Russell T Davies & Gareth Roberts,2009-04-11,4.15,9.75,88
201,The Waters of Mars,,Graeme Harper,Russell T Davies & Phil Ford,2009-11-15,4.16,10.32,88
202a,The End of Time – Part One,,Euros Lyn,Russell T Davies,2009-12-25,4.17,12.04,87
202b,The End of Time – Part Two,,Euros Lyn,Russell T Davies,2010-01-01,4.18,12.27,89
203,The Eleventh Hour,,Adam Smith,Steven Moffat,2010-04-03,1.1,10.09,86
204,The Beast Below,,Andrew Gunn,Steven Moffat,2010-04-10,1.2,8.42,86
205,Victory of the Daleks,,Andrew Gunn,Mark Gatiss,2010-04-17,1.3,8.21,84
206a,The Time of Angels,,Adam Smith,Steven Moffat,2010-04-24,1.4,8.59,87
206b,Flesh and Stone,,Adam Smith,Steven Moffat,2010-05-01,1.5,8.5,86
207,The Vampires of Venice,,Jonny Campbell,Toby Whithouse,2010-05-08,1.6,7.68,86
208,Amy's Choice,,Catherine Morshead,Simon Nye,2010-05-15,1.7,7.55,84
209a,The Hungry Earth,,Ashley Way,Chris Chibnall,2010-05-22,1.8,6.49,86
209b,Cold Blood,,Ashley Way,Chris Chibnall,2010-05-29,1.9,7.49,85
210,Vincent and the Doctor,,Jonny Campbell,Richard Curtis,2010-06-05,1.1,6.76,86
211,The Lodger,,Catherine Morshead,Gareth Roberts,2010-06-12,1.11,6.44,87
212a,The Pandorica Opens,,Toby Haynes,Steven Moffat,2010-06-19,1.12,7.57,88
212b,The Big Bang,,Toby Haynes,Steven Moffat,2010-06-26,1.13,6.7,89
213,A Christmas Carol,,Toby Haynes,Steven Moffat,2010-12-25,2.X,12.11,83
214a,The Impossible Astronaut,,Toby Haynes,Steven Moffat,2011-04-23,2.1,8.86,88
214b,Day of the Moon,,Toby Haynes,Steven Moffat,2011-04-30,2.2,7.30,87
215,The Curse of the Black Spot,,Jeremy Webb,Stephen Thompson,2011-05-07,2.9,7.85,86
216,The Doctor's Wife,,Richard Clark,Neil Gaiman,2011-05-14,2.3,7.97,87
217a,The Rebel Flesh,,Julian Simpson,Matthew Graham,2011-05-21,2.5,7.35,85
217b,The Almost People,,Julian Simpson,Matthew Graham,2011-05-28,2.6,6.72,86
218,A Good Man Goes to War,,Peter Hoar,Steven Moffat,2011-06-04,2.7,7.51,88
219,Let's Kill Hitler,,Richard Senior,Steven Moffat,2011-08-27,2.8,8.10,85
220,Night Terrors,,Richard Clark,Mark Gatiss,2011-09-03,2.4,7.07,86
221,The Girl Who Waited,,Nick Hurran,Tom MacRae,2011-09-10,2.10,7.60,85
222,The God Complex,,Nick Hurran,Toby Whithouse,2011-09-17,2.11,6.77,86
223,Closing Time,,Steve Hughes,Gareth Roberts,2011-09-24,2.12,6.93,86
224,The Wedding of River Song,,Jeremy Webb,Steven Moffat,2011-10-01,2.13,7.67,86
225,"The Doctor, the Widow and the Wardrobe",,Farren Blackburn,Steven Moffat,2011-12-25,,10.77,84
226,Asylum of the Daleks,,Nick Hurran,Steven Moffat,2012-09-01,,8.33,89
227,Dinosaurs on a Spaceship,,Saul Metzstein,Chris Chibnall,2012-09-08,,7.57,87
228,A Town Called Mercy,,Saul Metzstein,Toby Whithouse,2012-09-15,,8.42,85
229,The Power of Three,,Douglas Mackinnon,Chris Chibnall,2012-09-22,,7.67,87
230,The Angels Take Manhattan,,Nick Hurran,Steven Moffat,2012-09-29,,7.82,88
231,The Snowmen,,Saul Metzstein,Steven Moffat,2012-12-25,,9.87,87
232,The Bells of Saint John,,Colm McCarthy,Steven Moffat,2013-03-30,,8.44,87
233,The Rings of Akhaten,,Farren Blackburn,Neil Cross,2013-04-06,,7.45,84
234,Cold War,,Douglas Mackinnon,Mark Gatiss,2013-04-13,,7.37,84
235,Hide,,Jamie Payne,Neil Cross,2013-04-20,,6.61,85
236,Journey to the Centre of the TARDIS,,Mat King,Stephen Thompson,2013-04-27,,6.50,85
237,The Crimson Horror,,Saul Metzstein,Mark Gatiss,2013-05-04,,6.47,85
238,Nightmare in Silver,,Stephen Woolfenden,Neil Gaiman,2013-05-11,,6.64,84
239,The Name of the Doctor,,Saul Metzstein,Steven Moffat,2013-05-18,,7.45,88
240,The Day of the Doctor,,Nick Hurran,Steven Moffat,2013-11-23,,12.8,88
241,The Time of the Doctor,,Jamie Payne,Steven Moffat,2013-12-25,,11.14,83
242,Deep Breath,,Ben Wheatley,Steven Moffat,2014-08-23,,9.17,82
243,Into the Dalek,,Ben Wheatley,Phil Ford & Steven Moffat,2014-08-30,,7.29,84
244,Robot of Sherwood,,Paul Murphy,Mark Gatiss,2014-09-06,,7.28,82
245,Listen,,Douglas Mackinnon,Steven Moffat,2014-09-13,,7.01,82
246,Time Heist,,Douglas Mackinnon,Stephen Thompson & Steven Moffat,2014-09-20,,6.99,84
247,The Caretaker,,Paul Murphy,Gareth Roberts & Steven Moffat,2014-09-27,,6.82,83
248,Kill the Moon,,Paul Wilmshurst,Peter Harness,2014-10-04,,6.91,82
249,Mummy on the Orient Express,,Paul Wilmshurst,Jamie Mathieson,2014-10-11,,7.11,85
250,Flatline,,Douglas Mackinnon,Jamie Mathieson,2014-10-18,,6.71,85
251,In the Forest of the Night,,Sheree Folkson,Frank Cottrell-Boyce,2014-10-25,,6.92,83
252a,Dark Water,,Rachel Talalay,Steven Moffat,2014-11-01,,7.34,85
252b,Death in Heaven,,Rachel Talalay,Steven Moffat,2014-11-08,,7.6,83
253,Last Christmas,,Paul Wilmshurst,Steven Moffat,2014-12-25,,8.28,82
254a,The Magician's Apprentice,,Hettie MacDonald,Steven Moffat,2015-09-19,,6.54,84
254b,The Witch's Familiar,,Hettie MacDonald,Steven Moffat,2015-09-26,,5.71,83
255a,Under the Lake,,Daniel O'Hara,Toby Whithouse,2015-10-03,,5.63,84
255b,Before the Flood,,Daniel O'Hara,Toby Whithouse,2015-10-10,,6.05,83
256,The Girl Who Died,,Ed Bazalgette,Jamie Mathieson and Steven Moffat,2015-10-17,,6.56,82
257,The Woman Who Lived,,Ed Bazalgette,Catherine Tregenna,2015-10-24,,6.11,81
258a,The Zygon Invasion,,Daniel Nettheim,Peter Harness,2015-10-31,,5.76,82
258b,The Zygon Inversion,,Daniel Nettheim,Peter Harness and Steven Moffat,2015-11-07,,6.03,84
259,Sleep No More,,Justin Molotnikov,Mark Gatiss,2015-11-14,,5.61,78
260,Face the Raven,,Justin Molotnikov,Sarah Dollard,2015-11-21,,6.05,84
261,Heaven Sent,,Rachel Talalay,Steven Moffat,2015-11-28,,6.19,80
262,Hell Bent,,Rachel Talalay,Steven Moffat,2015-12-05,,6.17,82
263,The Husbands of River Song,,Douglas Mackinnon,Steven Moffat,2015-12-25,,7.69,82
264,The Return of Doctor Mysterio,,Ed Bazalgette,Steven Moffat,2016-12-25,,7.83,82
265,The Pilot,,Lawrence Gough,Steven Moffat,2017-04-15,,6.68,83
266,Smile,,Lawrence Gough,Frank Cottrell-Boyce,2017-04-22,,5.98,83
267,Thin Ice,,Bill Anderson,Sarah Dollard,2017-04-29,,5.61,84
268,Knock Knock,,Bill Anderson,Mike Bartlett,2017-05-06,,5.73,83
269,Oxygen,,Charles Palmer,Jamie Mathieson,2017-05-13,,5.27,83
270,Extremis,,Daniel Nettheim,Steven Moffat,2017-05-20,,5.53,82
271,The Pyramid at the End of the World,,Daniel Nettheim,Peter Harness and Steven Moffat,2017-05-27,,5.79,82
272,The Lie of the Land,,Wayne Yip,Toby Whithouse,2017-06-03,,4.82,82
273,Empress of Mars,,Wayne Yip,Mark Gatiss,2017-06-10,,5.02,83
274,The Eaters of Light,,Charles Palmer,Rona Munro,2017-06-17,,4.73,81
275a,World Enough and Time,,Rachel Talalay,Steven Moffat,2017-06-24,,5.00,85
275b,The Doctor Falls,,Rachel Talalay,Steven Moffat,2017-07-01,,5.30,83
276,Twice Upon a Time,,Rachel Talalay,Steven Moffat,2017-12-25,,7.92,81
277,The Woman Who Fell to Earth,,Jamie Childs,Chris Chibnall,2018-10-07,,10.96,83
278,The Ghost Monument,,Mark Tonderai,Chris Chibnall,2018-10-14,,9.00,82
279,Rosa,,Mark Tonderai,Malorie Blackman and Chris Chibnall,2018-10-21,,8.41,83
280,Arachnids in the UK,,Sallie Aprahamian,Chris Chibnall,2018-10-28,,8.22,83
281,The Tsuranga Conundrum,,Jennifer Perrott,Chris Chibnall,2018-11-04,,7.76,79
282,Demons of the Punjab,,Jamie Childs,Vinay Patel,2018-11-11,,7.48,80
283,Kerblam!,,Jennifer Perrott,Pete McTighe,2018-11-18,,7.46,81
284,The Witchfinders,,Sallie Aprahamian,Joy Wilkinson,2018-11-25,,7.21,81
285,It Takes You Away,,Jamie Childs,Ed Hime,2018-12-02,,6.42,80
286,The Battle of Ranskoor Av Kolos,,Jamie Childs,Chris Chibnall,2018-12-09,,6.65,79
287,Resolution,,Wayne Yip,Chris Chibnall,2019-01-01,,7.13,80
,"Spyfall, Part 1",,Jamie Magnus Stone,Chris Chibnall,2020-01-01,,6.89,82
,"Spyfall, Part 2",,Lee Haven Jones,Chris Chibnall,2020-01-05,,6.07,82
,Orphan 55,,Lee Haven Jones,Ed Hime,2020-01-12,,5.38,77
,Nikola Tesla's Night of Terror,,Nida Manzoor,Nina Metivier,2020-01-19,,5.20,79
,Fugitive of the Judoon,,Nida Manzoor,Vinay Patel and Chris Chibnall,2020-01-26,,5.57,83
,Praxeus,,Jamie Magnus Stone,Pete McTighe and Chris Chibnall,2020-02-02,,5.22,78
,Can You Hear Me?,,Emma Sullivan,Charlene James and Chris Chibnall,2020-02-09,,4.90,78
,The Haunting of Villa Diodati,,Emma Sullivan,Maxine Alderton,2020-02-16,,5.07,80
,Ascension of the Cybermen,,Jamie Magnus Stone,Chris Chibnall,2020-02-23,,4.99,81
,The Timeless Children,,Jamie Magnus Stone,Chris Chibnall,2020-03-01,,4.69,82
,Revolution of the Daleks,,Lee Haven Jones,Chris Chibnall,2021-01-01,,6.35,79
